,SPXTR
11-May-22,8285.8187
10-May-22,8424.1959
9-May-22,8403.4963
6-May-22,8680.9666
5-May-22,8729.2112
4-May-22,9050.9041
3-May-22,8788.3617
2-May-22,8746.0534
29-Apr-22,8696.6467
28-Apr-22,9023.4155
27-Apr-22,8804.9976
26-Apr-22,8786.4739
25-Apr-22,9040.8594
22-Apr-22,8989.5143
21-Apr-22,9245.8611
20-Apr-22,9383.5428
19-Apr-22,9389.2129
18-Apr-22,9240.6927
14-Apr-22,9242.5807
13-Apr-22,9356.2125
12-Apr-22,9251.0666
11-Apr-22,9282.4777
8-Apr-22,9441.8365
7-Apr-22,9466.7614
6-Apr-22,9425.4897
5-Apr-22,9517.9385
4-Apr-22,9637.3672
1-Apr-22,9559.9539
31-Mar-22,9527.4585
30-Mar-22,9678.2997
29-Mar-22,9738.5953
28-Mar-22,9620.6613
25-Mar-22,9552.3974
24-Mar-22,9504.1853
23-Mar-22,9368.9794
22-Mar-22,9484.8559
21-Mar-22,9378.8441
18-Mar-22,9382.4311
17-Mar-22,9274.1694
16-Mar-22,9160.5119
15-Mar-22,8959.7408
14-Mar-22,8771.7508
11-Mar-22,8835.3982
10-Mar-22,8950.9018
9-Mar-22,8988.6502
8-Mar-22,8762.1121
7-Mar-22,8825.7231
4-Mar-22,9094.0442
3-Mar-22,9166.1307
2-Mar-22,9213.3948
1-Mar-22,9044.471
28-Feb-22,9186.3728
25-Feb-22,9207.8533
24-Feb-22,9005.3684
23-Feb-22,8871.9528
22-Feb-22,9038.3167
18-Feb-22,9130.8113
17-Feb-22,9195.3537
16-Feb-22,9393.0931
15-Feb-22,9383.5681
14-Feb-22,9236.8581
11-Feb-22,9271.8022
10-Feb-22,9450.7178
9-Feb-22,9623.8411
8-Feb-22,9484.9518
7-Feb-22,9405.8427
4-Feb-22,9440.5829
3-Feb-22,9390.575
2-Feb-22,9624.8923
1-Feb-22,9534.9547
31-Jan-22,9469.9159
28-Jan-22,9294.2137
27-Jan-22,9072.2424
26-Jan-22,9120.7538
25-Jan-22,9134.3336
24-Jan-22,9246.8371
21-Jan-22,9221.2817
20-Jan-22,9398.9642
19-Jan-22,9503.1353
18-Jan-22,9595.9259
14-Jan-22,9775.5299
13-Jan-22,9767.3544
12-Jan-22,9907.3758
11-Jan-22,9879.3903
10-Jan-22,9789.7226
7-Jan-22,9803.845
6-Jan-22,9841.9242
5-Jan-22,9850.7033
4-Jan-22,10044.7466
3-Jan-22,10050.4083
31-Dec-21,9986.6979
30-Dec-21,10012.5135
29-Dec-21,10041.611
28-Dec-21,10027.5329
27-Dec-21,10037.6683
23-Dec-21,9900.2995
22-Dec-21,9838.8959
21-Dec-21,9738.7257
20-Dec-21,9567.9056
17-Dec-21,9678.0349
16-Dec-21,9778.094
15-Dec-21,9863.9243
14-Dec-21,9705.0559
13-Dec-21,9776.6885
10-Dec-21,9866.6219
9-Dec-21,9773.1914
8-Dec-21,9842.6834
7-Dec-21,9812.1972
6-Dec-21,9613.0208
3-Dec-21,9501.2831
2-Dec-21,9581.7897
1-Dec-21,9446.2054
30-Nov-21,9558.3305
29-Nov-21,9741.781
26-Nov-21,9614.2492
24-Nov-21,9837.5957
23-Nov-21,9814.6484
22-Nov-21,9798.2946
19-Nov-21,9828.7991
18-Nov-21,9842.3462
17-Nov-21,9808.2698
16-Nov-21,9831.9097
15-Nov-21,9793.525
12-Nov-21,9793.216
11-Nov-21,9722.0801
10-Nov-21,9716.7237
9-Nov-21,9795.1242
8-Nov-21,9828.8099
5-Nov-21,9819.9827
4-Nov-21,9782.4808
3-Nov-21,9740.4696
2-Nov-21,9677.9454
1-Nov-21,9642.4449
29-Oct-21,9625.0219
28-Oct-21,9605.2277
27-Oct-21,9511.2674
26-Oct-21,9559.3915
25-Oct-21,9541.9903
22-Oct-21,9496.8584
21-Oct-21,9506.9121
20-Oct-21,9477.8208
19-Oct-21,9443.1244
18-Oct-21,9373.6819
15-Oct-21,9342.1497
14-Oct-21,9272.9676
13-Oct-21,9116.3886
12-Oct-21,9088.7314
11-Oct-21,9110.7594
8-Oct-21,9173.7393
7-Oct-21,9191.1892
6-Oct-21,9113.4547
5-Oct-21,9076.1854
4-Oct-21,8980.6367
1-Oct-21,9098.2515
30-Sep-21,8994.8281
29-Sep-21,9102.6157
28-Sep-21,9087.4651
27-Sep-21,9275.8722
24-Sep-21,9301.492
23-Sep-21,9287.7998
22-Sep-21,9176.0784
21-Sep-21,9089.5534
20-Sep-21,9096.5244
17-Sep-21,9253.5656
16-Sep-21,9338.6114
15-Sep-21,9352.8306
14-Sep-21,9273.9898
13-Sep-21,9325.286
10-Sep-21,9304.0335
9-Sep-21,9375.9904
8-Sep-21,9418.5725
7-Sep-21,9430.683
3-Sep-21,9462.5386
2-Sep-21,9465.4667
1-Sep-21,9437.1547
31-Aug-21,9433.5819
30-Aug-21,9445.2436
27-Aug-21,9404.1468
26-Aug-21,9321.7361
25-Aug-21,9376.0003
24-Aug-21,9355.1095
23-Aug-21,9341.0908
20-Aug-21,9261.3062
19-Aug-21,9186.0705
18-Aug-21,9173.9298
17-Aug-21,9271.8291
16-Aug-21,9337.1805
13-Aug-21,9312.5115
12-Aug-21,9297.199
11-Aug-21,9267.4035
10-Aug-21,9244.2158
9-Aug-21,9235.0484
6-Aug-21,9243.0272
5-Aug-21,9226.4884
4-Aug-21,9170.7613
3-Aug-21,9213.3484
2-Aug-21,9138.3598
30-Jul-21,9155.2117
29-Jul-21,9204.2481
28-Jul-21,9164.6197
27-Jul-21,9166.2667
26-Jul-21,9209.6324
23-Jul-21,9187.6354
22-Jul-21,9094.9544
21-Jul-21,9075.9746
20-Jul-21,9001.7713
19-Jul-21,8867.0661
16-Jul-21,9009.8898
15-Jul-21,9078.3278
14-Jul-21,9107.8475
13-Jul-21,9096.1477
12-Jul-21,9128.2232
9-Jul-21,9096.8396
8-Jul-21,8995.2618
7-Jul-21,9071.1432
6-Jul-21,9040.7603
2-Jul-21,9058.6591
1-Jul-21,8990.0795
30-Jun-21,8942.7769
29-Jun-21,8930.6661
28-Jun-21,8927.401
25-Jun-21,8906.7911
24-Jun-21,8877.0649
23-Jun-21,8825.0142
22-Jun-21,8834.5582
21-Jun-21,8789.5219
18-Jun-21,8667.7629
17-Jun-21,8782.584
16-Jun-21,8786.1777
15-Jun-21,8833.6753
14-Jun-21,8851.1664
11-Jun-21,8832.9436
10-Jun-21,8815.5619
9-Jun-21,8774.313
8-Jun-21,8789.9956
7-Jun-21,8788.2787
4-Jun-21,8795.0764
3-Jun-21,8717.9726
2-Jun-21,8748.2968
1-Jun-21,8734.7439
28-May-21,8738.7721
27-May-21,8730.9677
26-May-21,8720.0388
25-May-21,8703.5896
24-May-21,8721.9989
21-May-21,8635.5463
20-May-21,8641.98
19-May-21,8550.9451
18-May-21,8574.9782
17-May-21,8647.5687
14-May-21,8669.4901
13-May-21,8541.3856
12-May-21,8437.2353
11-May-21,8620.9786
10-May-21,8696.2936
7-May-21,8787.8151
6-May-21,8722.0359
5-May-21,8650.0382
4-May-21,8643.9128
3-May-21,8702.025
30-Apr-21,8678.1605
29-Apr-21,8740.3485
28-Apr-21,8681.1659
27-Apr-21,8688.4522
26-Apr-21,8690.257
23-Apr-21,8674.7964
22-Apr-21,8580.7307
21-Apr-21,8659.7989
20-Apr-21,8579.9467
19-Apr-21,8638.4211
16-Apr-21,8684.5063
15-Apr-21,8653.2873
14-Apr-21,8558.156
13-Apr-21,8592.2459
12-Apr-21,8564.03
9-Apr-21,8565.5729
8-Apr-21,8499.8502
7-Apr-21,8462.1752
6-Apr-21,8449.5416
5-Apr-21,8457.3966
1-Apr-21,8335.9091
31-Mar-21,8238.4829
30-Mar-21,8208.0974
29-Mar-21,8233.2449
26-Mar-21,8240.3815
25-Mar-21,8105.5113
24-Mar-21,8062.9963
23-Mar-21,8106.833
22-Mar-21,8169.1362
19-Mar-21,8112.1344
18-Mar-21,8116.1666
17-Mar-21,8237.3519
16-Mar-21,8213.6276
15-Mar-21,8226.3177
12-Mar-21,8172.8972
11-Mar-21,8162.5848
10-Mar-21,8078.0481
9-Mar-21,8029.2035
8-Mar-21,7916.4061
5-Mar-21,7958.9794
4-Mar-21,7806.4528
3-Mar-21,7911.2145
2-Mar-21,8015.5376
1-Mar-21,8080.7809
26-Feb-21,7892.8119
25-Feb-21,7929.563
24-Feb-21,8127.3785
23-Feb-21,8036.06
22-Feb-21,8025.814
19-Feb-21,8087.6824
18-Feb-21,8102.2426
17-Feb-21,8137.8789
16-Feb-21,8139.1555
12-Feb-21,8142.7881
11-Feb-21,8104.1947
10-Feb-21,8089.1098
9-Feb-21,8091.6972
8-Feb-21,8099.3319
5-Feb-21,8039.6709
4-Feb-21,8007.615
3-Feb-21,7920.8521
2-Feb-21,7912.8703
1-Feb-21,7804.3119
29-Jan-21,7681.0087
28-Jan-21,7831.2171
27-Jan-21,7754.7398
26-Jan-21,7959.0999
25-Jan-21,7970.9216
22-Jan-21,7942.2038
21-Jan-21,7966.11
20-Jan-21,7962.9193
19-Jan-21,7853.4701
15-Jan-21,7789.791
14-Jan-21,7846.0956
13-Jan-21,7874.7541
12-Jan-21,7856.7249
11-Jan-21,7853.4469
8-Jan-21,7905.2763
7-Jan-21,7861.0952
6-Jan-21,7744.4288
5-Jan-21,7700.3448
4-Jan-21,7645.2691
31-Dec-20,7759.3455
30-Dec-20,7709.098
29-Dec-20,7697.9263
28-Dec-20,7715.1016
24-Dec-20,7648.3927
23-Dec-20,7620.6341
22-Dec-20,7614.8318
21-Dec-20,7630.0744
18-Dec-20,7659.7538
17-Dec-20,7686.1848
16-Dec-20,7641.8173
15-Dec-20,7628.2754
14-Dec-20,7530.8655
11-Dec-20,7562.4626
10-Dec-20,7571.874
9-Dec-20,7581.0633
8-Dec-20,7641.4316
7-Dec-20,7620.0043
4-Dec-20,7634.767
3-Dec-20,7567.4378
2-Dec-20,7570.7581
1-Dec-20,7556.5149
30-Nov-20,7472.0585
27-Nov-20,7505.3792
25-Nov-20,7486.6804
24-Nov-20,7498.2933
23-Nov-20,7378.9386
20-Nov-20,7336.7611
19-Nov-20,7386.8569
18-Nov-20,7357.3366
17-Nov-20,7442.0413
16-Nov-20,7476.7923
13-Nov-20,7390.6096
12-Nov-20,7290.6928
11-Nov-20,7362.654
10-Nov-20,7306.7492
9-Nov-20,7315.7683
6-Nov-20,7230.5146
5-Nov-20,7231.6694
4-Nov-20,7092.3032
3-Nov-20,6939.3
2-Nov-20,6817.8906
30-Oct-20,6734.8366
29-Oct-20,6816.7942
28-Oct-20,6735.7486
27-Oct-20,6982.1393
26-Oct-20,7003.2114
23-Oct-20,7135.8071
22-Oct-20,7111.1711
21-Oct-20,7073.6542
20-Oct-20,7089.0574
19-Oct-20,7055.5827
16-Oct-20,7172.6989
15-Oct-20,7171.6078
14-Oct-20,7182.3757
13-Oct-20,7229.5533
12-Oct-20,7275.4306
9-Oct-20,7157.924
8-Oct-20,7095.3994
7-Oct-20,7036.9094
6-Oct-20,6916.3971
5-Oct-20,7014.2268
2-Oct-20,6889.647
1-Oct-20,6956.1953
30-Sep-20,6918.8347
29-Sep-20,6861.9593
28-Sep-20,6894.2689
25-Sep-20,6784.9539
24-Sep-20,6678.0385
23-Sep-20,6657.8159
22-Sep-20,6819.0816
21-Sep-20,6748.0752
18-Sep-20,6826.7191
17-Sep-20,6903.8237
16-Sep-20,6962.2866
15-Sep-20,6994.3327
14-Sep-20,6957.9117
11-Sep-20,6868.2192
10-Sep-20,6864.2329
9-Sep-20,6986.757
8-Sep-20,6848.4212
4-Sep-20,7043.6241
3-Sep-20,7101.3816
2-Sep-20,7358.4851
1-Sep-20,7246.3746
31-Aug-20,7192.1109
28-Aug-20,7207.0978
27-Aug-20,7158.182
26-Aug-20,7145.7692
25-Aug-20,7073.5969
24-Aug-20,7048.1741
21-Aug-20,6977.2711
20-Aug-20,6952.9246
19-Aug-20,6930.8045
18-Aug-20,6960.301
17-Aug-20,6943.2231
14-Aug-20,6924.2816
13-Aug-20,6924.9603
12-Aug-20,6937.4415
11-Aug-20,6840.6744
10-Aug-20,6895.5945
7-Aug-20,6876.6458
6-Aug-20,6870.8617
5-Aug-20,6826.2211
4-Aug-20,6782.6035
3-Aug-20,6758.1994
31-Jul-20,6709.8065
30-Jul-20,6658.0164
29-Jul-20,6682.0125
28-Jul-20,6599.9692
27-Jul-20,6642.895
24-Jul-20,6594.1024
23-Jul-20,6635.044
22-Jul-20,6717.2858
21-Jul-20,6678.744
20-Jul-20,6667.4522
17-Jul-20,6611.864
16-Jul-20,6592.7471
15-Jul-20,6615.0685
14-Jul-20,6555.4027
13-Jul-20,6467.8364
10-Jul-20,6528.9613
9-Jul-20,6461.3121
8-Jul-20,6496.1389
7-Jul-20,6445.5878
6-Jul-20,6516.0519
2-Jul-20,6414.1551
1-Jul-20,6383.7627
30-Jun-20,6351.6669
29-Jun-20,6254.7805
26-Jun-20,6163.5037
25-Jun-20,6316.4495
24-Jun-20,6247.6624
23-Jun-20,6413.4447
22-Jun-20,6385.912
19-Jun-20,6344.702
18-Jun-20,6379.5551
17-Jun-20,6375.5373
16-Jun-20,6398.5759
15-Jun-20,6279.3992
12-Jun-20,6227.4187
11-Jun-20,6145.3024
10-Jun-20,6529.4198
9-Jun-20,6564.2696
8-Jun-20,6615.4037
5-Jun-20,6536.5786
4-Jun-20,6369.5354
3-Jun-20,6389.6703
2-Jun-20,6302.9996
1-Jun-20,6251.4764
29-May-20,6227.8131
28-May-20,6197.0164
27-May-20,6209.3844
26-May-20,6118.5356
22-May-20,6044.1643
21-May-20,6028.9339
20-May-20,6075.7627
19-May-20,5975.1499
18-May-20,6037.9018
15-May-20,5852.8409
14-May-20,5829.3342
13-May-20,5761.6965
12-May-20,5863.6843
11-May-20,5985.6576
8-May-20,5984.5474
7-May-20,5884.14
6-May-20,5815.1717
5-May-20,5855.5786
4-May-20,5803.1225
1-May-20,5778.5256
30-Apr-20,5944.6795
29-Apr-20,5999.7371
28-Apr-20,5844.1826
27-Apr-20,5874.9355
24-Apr-20,5789.6465
23-Apr-20,5710.0393
22-Apr-20,5712.652
21-Apr-20,5584.4365
20-Apr-20,5761.0017
17-Apr-20,5865.8977
16-Apr-20,5712.5994
15-Apr-20,5679.5295
14-Apr-20,5807.0979
13-Apr-20,5634.1482
9-Apr-20,5691.5415
8-Apr-20,5609.551
7-Apr-20,5423.5248
6-Apr-20,5432.1696
3-Apr-20,5075.1604
2-Apr-20,5152.4667
1-Apr-20,5036.6423
31-Mar-20,5269.2009
30-Mar-20,5354.3946
27-Mar-20,5179.924
26-Mar-20,5360.4881
25-Mar-20,5045.3503
24-Mar-20,4987.8004
23-Mar-20,4559.5049
20-Mar-20,4697.0894
19-Mar-20,4909.132
18-Mar-20,4885.763
17-Mar-20,5152.8253
16-Mar-20,4861.2186
13-Mar-20,5522.8453
12-Mar-20,5051.9719
11-Mar-20,5581.7588
10-Mar-20,5868.1059
9-Mar-20,5591.7386
6-Mar-20,6050.7982
5-Mar-20,6155.5795
4-Mar-20,6370.3545
3-Mar-20,6112.0742
2-Mar-20,6288.6436
28-Feb-20,6011.7264
27-Feb-20,6060.6679
26-Feb-20,6339.3805
25-Feb-20,6363.3746
24-Feb-20,6561.9354
21-Feb-20,6788.599
20-Feb-20,6860.5247
19-Feb-20,6886.4739
18-Feb-20,6853.0397
14-Feb-20,6872.6809
13-Feb-20,6858.9162
12-Feb-20,6867.9227
11-Feb-20,6823.5949
10-Feb-20,6811.8327
7-Feb-20,6761.2619
6-Feb-20,6796.6402
5-Feb-20,6772.9844
4-Feb-20,6697.4857
3-Feb-20,6598.6265
31-Jan-20,6550.9993
30-Jan-20,6668.5236
29-Jan-20,6646.687
28-Jan-20,6652.3042
27-Jan-20,6585.951
24-Jan-20,6691.219
23-Jan-20,6752.0868
22-Jan-20,6743.8979
21-Jan-20,6741.7069
17-Jan-20,6759.5101
16-Jan-20,6733.3517
15-Jan-20,6677.2514
14-Jan-20,6664.6627
13-Jan-20,6674.1345
10-Jan-20,6627.8743
9-Jan-20,6646.8428
8-Jan-20,6601.1534
7-Jan-20,6568.7365
6-Jan-20,6586.5387
3-Jan-20,6563.3198
2-Jan-20,6609.2876
31-Dec-19,6553.5688
30-Dec-19,6533.907
27-Dec-19,6571.0339
26-Dec-19,6570.7057
24-Dec-19,6536.5841
23-Dec-19,6537.3971
20-Dec-19,6531.7493
19-Dec-19,6499.2622
18-Dec-19,6469.9969
17-Dec-19,6472.2415
16-Dec-19,6470.0277
13-Dec-19,6423.9279
12-Dec-19,6422.3451
11-Dec-19,6366.8384
10-Dec-19,6348.3123
9-Dec-19,6355.07
6-Dec-19,6374.7046
5-Dec-19,6316.6918
4-Dec-19,6305.4924
3-Dec-19,6265.2153
2-Dec-19,6306.8768
29-Nov-19,6361.564
27-Nov-19,6385.7647
26-Nov-19,6358.4559
25-Nov-19,6344.3633
22-Nov-19,6296.3369
21-Nov-19,6282.594
20-Nov-19,6292.1701
19-Nov-19,6314.6627
18-Nov-19,6318.0179
15-Nov-19,6314.7441
14-Nov-19,6265.4232
13-Nov-19,6258.5845
12-Nov-19,6253.9134
11-Nov-19,6243.8117
8-Nov-19,6256.1088
7-Nov-19,6238.9888
6-Nov-19,6219.0958
5-Nov-19,6214.2792
4-Nov-19,6221.6258
1-Nov-19,6198.5908
31-Oct-19,6138.7348
30-Oct-19,6156.9344
29-Oct-19,6136.4706
28-Oct-19,6141.5065
25-Oct-19,6107.4181
24-Oct-19,6082.5392
23-Oct-19,6070.868
22-Oct-19,6053.4155
21-Oct-19,6074.9044
18-Oct-19,6033.2598
17-Oct-19,6056.8422
16-Oct-19,6039.6914
15-Oct-19,6051.3876
14-Oct-19,5991.7214
11-Oct-19,6000.0421
10-Oct-19,5934.5635
9-Oct-19,5896.6045
8-Oct-19,5841.5693
7-Oct-19,5933.7632
4-Oct-19,5960.4322
3-Oct-19,5876.8636
2-Oct-19,5828.9342
1-Oct-19,5935.1978
30-Sep-19,6008.5904
27-Sep-19,5978.1082
26-Sep-19,6009.1891
25-Sep-19,6023.4551
24-Sep-19,5986.5816
23-Sep-19,6036.9037
20-Sep-19,6037.4955
19-Sep-19,6066.9017
18-Sep-19,6066.4193
17-Sep-19,6064.3059
16-Sep-19,6048.6686
13-Sep-19,6067.5047
12-Sep-19,6070.2281
11-Sep-19,6051.8655
10-Sep-19,6008.1212
9-Sep-19,6005.993
6-Sep-19,6006.0697
5-Sep-19,6000.3797
4-Sep-19,5921.9555
3-Sep-19,5857.9511
30-Aug-19,5898.2319
29-Aug-19,5893.6502
28-Aug-19,5818.8403
27-Aug-19,5780.7863
26-Aug-19,5799.3368
23-Aug-19,5735.6283
22-Aug-19,5888.3676
21-Aug-19,5891.1903
20-Aug-19,5842.7628
19-Aug-19,5888.9344
16-Aug-19,5818.1682
15-Aug-19,5734.4876
14-Aug-19,5719.3047
13-Aug-19,5890.1589
12-Aug-19,5804.252
9-Aug-19,5873.466
8-Aug-19,5911.6578
7-Aug-19,5801.3239
6-Aug-19,5796.7176
5-Aug-19,5721.7967
2-Aug-19,5897.1042
1-Aug-19,5939.8325
31-Jul-19,5993.1655
30-Jul-19,6058.9556
29-Jul-19,6074.0136
26-Jul-19,6083.8226
25-Jul-19,6039.1312
24-Jul-19,6071.0461
23-Jul-19,6042.4788
22-Jul-19,6001.2761
19-Jul-19,5984.2015
18-Jul-19,6021.1506
17-Jul-19,5999.0477
16-Jul-19,6038.3956
15-Jul-19,6058.8266
12-Jul-19,6057.7709
11-Jul-19,6029.3259
10-Jul-19,6015.5599
9-Jul-19,5988.4806
8-Jul-19,5979.3391
5-Jul-19,6008.3084
3-Jul-19,6018.5424
2-Jul-19,5971.288
1-Jul-19,5953.6268
28-Jun-19,5908.2515
27-Jun-19,5874.1533
26-Jun-19,5850.896
25-Jun-19,5858.1336
24-Jun-19,5914.2889
21-Jun-19,5924.5422
20-Jun-19,5931.66
19-Jun-19,5875.4467
18-Jun-19,5857.9493
17-Jun-19,5801.3998
14-Jun-19,5795.9637
13-Jun-19,5804.5326
12-Jun-19,5779.1237
11-Jun-19,5790.826
10-Jun-19,5792.5568
7-Jun-19,5765.6614
6-Jun-19,5705.22
5-Jun-19,5668.8896
4-Jun-19,5622.3102
3-Jun-19,5504.0518
31-May-19,5519.2736
30-May-19,5591.9742
29-May-19,5579.5063
28-May-19,5618.1786
24-May-19,5665.5985
23-May-19,5657.0968
22-May-19,5724.7071
21-May-19,5740.8066
20-May-19,5692.3039
17-May-19,5730.8868
16-May-19,5763.9476
15-May-19,5711.4873
14-May-19,5677.1964
13-May-19,5631.4086
10-May-19,5770.4354
9-May-19,5747.0777
8-May-19,5762.4805
7-May-19,5771.5858
6-May-19,5868.4483
3-May-19,5894.3025
2-May-19,5837.4605
1-May-19,5849.6526
30-Apr-19,5893.8148
29-Apr-19,5888.0485
26-Apr-19,5881.4756
25-Apr-19,5853.8743
24-Apr-19,5856.0334
23-Apr-19,5868.8762
22-Apr-19,5817.1643
18-Apr-19,5811.1273
17-Apr-19,5801.8257
16-Apr-19,5814.4606
15-Apr-19,5811.5119
12-Apr-19,5815.0401
11-Apr-19,5776.2815
10-Apr-19,5775.9886
9-Apr-19,5755.4905
8-Apr-19,5788.8591
5-Apr-19,5782.6953
4-Apr-19,5755.9558
3-Apr-19,5742.6705
2-Apr-19,5730.3539
1-Apr-19,5730.0414
29-Mar-19,5664.4627
28-Mar-19,5626.3166
27-Mar-19,5605.3174
26-Mar-19,5631.3934
25-Mar-19,5591.2282
22-Mar-19,5595.4999
21-Mar-19,5703.2781
20-Mar-19,5641.7436
19-Mar-19,5658.1496
18-Mar-19,5658.727
15-Mar-19,5637.7683
14-Mar-19,5609.5851
13-Mar-19,5612.5572
12-Mar-19,5573.4359
11-Mar-19,5556.7652
8-Mar-19,5476.3858
7-Mar-19,5487.5564
6-Mar-19,5531.3395
5-Mar-19,5567.4031
4-Mar-19,5573.5331
1-Mar-19,5595.1129
28-Feb-19,5556.4904
27-Feb-19,5570.5694
26-Feb-19,5572.7448
25-Feb-19,5577.0853
22-Feb-19,5569.4522
21-Feb-19,5533.7973
20-Feb-19,5552.9037
19-Feb-19,5541.9755
15-Feb-19,5533.2743
14-Feb-19,5473.327
13-Feb-19,5485.9659
12-Feb-19,5468.9816
11-Feb-19,5399.0042
8-Feb-19,5395.1162
7-Feb-19,5389.6868
6-Feb-19,5439.8016
5-Feb-19,5451.3999
4-Feb-19,5425.7972
1-Feb-19,5389.1938
31-Jan-19,5383.6318
30-Jan-19,5336.5996
29-Jan-19,5254.3101
28-Jan-19,5261.8804
25-Jan-19,5303.5059
24-Jan-19,5258.686
23-Jan-19,5251.2876
22-Jan-19,5239.752
18-Jan-19,5314.7837
17-Jan-19,5245.479
16-Jan-19,5205.4482
15-Jan-19,5193.7842
14-Jan-19,5138.5776
11-Jan-19,5165.146
10-Jan-19,5165.895
9-Jan-19,5142.6558
8-Jan-19,5120.0386
7-Jan-19,5070.7637
4-Jan-19,5035.4517
3-Jan-19,4868.2959
2-Jan-19,4990.5562
31-Dec-18,4984.2173
28-Dec-18,4941.6084
27-Dec-18,4946.9399
26-Dec-18,4904.4917
24-Dec-18,4672.6602
21-Dec-18,4802.5088
20-Dec-18,4903.4629
19-Dec-18,4981.9194
18-Dec-18,5059.3433
17-Dec-18,5058.5767
14-Dec-18,5165.6016
13-Dec-18,5265.458
12-Dec-18,5265.5308
11-Dec-18,5237.1011
10-Dec-18,5238.7026
7-Dec-18,5229.439
6-Dec-18,5353.4341
4-Dec-18,5359.9087
3-Dec-18,5538.8569
30-Nov-18,5478.9131
29-Nov-18,5433.4858
28-Nov-18,5444.1182
27-Nov-18,5321.522
26-Nov-18,5304.1689
23-Nov-18,5222.4258
21-Nov-18,5256.6133
20-Nov-18,5240.2324
19-Nov-18,5336.7046
16-Nov-18,5426.8638
15-Nov-18,5414.4277
14-Nov-18,5355.9385
13-Nov-18,5395.3711
12-Nov-18,5403.188
9-Nov-18,5511.7852
8-Nov-18,5562
7-Nov-18,5573.0591
6-Nov-18,5457.2544
5-Nov-18,5422.8789
2-Nov-18,5392.5317
1-Nov-18,5426.3267
31-Oct-18,5369.4912
30-Oct-18,5311.6748
29-Oct-18,5229.2773
26-Oct-18,5263.7363
25-Oct-18,5356.5435
24-Oct-18,5258.6113
23-Oct-18,5426.083
22-Oct-18,5455.8813
19-Oct-18,5479.2954
18-Oct-18,5481.1289
17-Oct-18,5560.6211
16-Oct-18,5561.8003
15-Oct-18,5444.6123
12-Oct-18,5476.8276
11-Oct-18,5399.5396
10-Oct-18,5512.939
9-Oct-18,5700.2319
8-Oct-18,5706.6602
5-Oct-18,5708.9028
4-Oct-18,5740.5605
3-Oct-18,5786.479
2-Oct-18,5782.3657
1-Oct-18,5784.4517
28-Sep-18,5763.4224
27-Sep-18,5763.2197
26-Sep-18,5746.2661
25-Sep-18,5765.2466
24-Sep-18,5772.3623
21-Sep-18,5792.7165
20-Sep-18,5794.7222
19-Sep-18,5749.3867
18-Sep-18,5742.1821
17-Sep-18,5711.2949
14-Sep-18,5743.1875
13-Sep-18,5740.752
12-Sep-18,5709.0796
11-Sep-18,5706.9883
10-Sep-18,5685.3394
7-Sep-18,5674.5806
6-Sep-18,5686.7007
5-Sep-18,5705.8584
4-Sep-18,5721.856
31-Aug-18,5730.8027
30-Aug-18,5729.4478
29-Aug-18,5753.9976
28-Aug-18,5720.8877
27-Aug-18,5719.3018
24-Aug-18,5675.1211
23-Aug-18,5640.0972
22-Aug-18,5649.3071
21-Aug-18,5651.3936
20-Aug-18,5639.5283
17-Aug-18,5625.6563
16-Aug-18,5606.561
15-Aug-18,5560.8535
14-Aug-18,5602.4141
13-Aug-18,5566.3604
10-Aug-18,5588.6592
9-Aug-18,5627.0034
8-Aug-18,5633.6665
7-Aug-18,5634.9756
6-Aug-18,5619.0522
3-Aug-18,5598.7119
2-Aug-18,5572.0825
1-Aug-18,5544.1943
31-Jul-18,5549.9556
30-Jul-18,5522.8096
27-Jul-18,5554.3135
26-Jul-18,5590.9941
25-Jul-18,5607.9932
24-Jul-18,5557.374
23-Jul-18,5530.6548
20-Jul-18,5520.4985
19-Jul-18,5525.5132
18-Jul-18,5546.8613
17-Jul-18,5534.9067
16-Jul-18,5512.9209
13-Jul-18,5518.3276
12-Jul-18,5512.3579
11-Jul-18,5464.0059
10-Jul-18,5503.0464
9-Jul-18,5483.8887
6-Jul-18,5434.3584
5-Jul-18,5388.2759
3-Jul-18,5340.9341
2-Jul-18,5367.4907
29-Jun-18,5350.832
28-Jun-18,5346.437
27-Jun-18,5312.8916
26-Jun-18,5359.0073
25-Jun-18,5347.2295
22-Jun-18,5421.626
21-Jun-18,5411.3999
20-Jun-18,5445.4272
19-Jun-18,5436.1279
18-Jun-18,5457.8281
15-Jun-18,5469.3691
14-Jun-18,5474.3706
13-Jun-18,5459.2065
12-Jun-18,5481.0688
11-Jun-18,5471.2935
8-Jun-18,5465.4204
7-Jun-18,5448.1772
6-Jun-18,5451.0884
5-Jun-18,5404.6221
4-Jun-18,5400.5005
1-Jun-18,5376.292
31-May-18,5318.0996
30-May-18,5353.7642
29-May-18,5285.7012
25-May-18,5347.312
24-May-18,5359.3247
23-May-18,5369.9893
22-May-18,5352.4512
21-May-18,5369.1929
18-May-18,5329.6641
17-May-18,5343.2915
16-May-18,5346.3281
15-May-18,5323.2344
14-May-18,5359.6616
11-May-18,5354.688
10-May-18,5343.7041
9-May-18,5292.8965
8-May-18,5241.5327
7-May-18,5242.8716
4-May-18,5224.7061
3-May-18,5157.6978
2-May-18,5168.7856
1-May-18,5206.3052
30-Apr-18,5193.041
27-Apr-18,5235.7319
26-Apr-18,5229.6089
25-Apr-18,5175.5903
24-Apr-18,5166.1025
23-Apr-18,5236.0376
20-Apr-18,5235.7461
19-Apr-18,5280.5659
18-Apr-18,5310.3213
17-Apr-18,5305.9023
16-Apr-18,5249.9385
13-Apr-18,5207.5718
12-Apr-18,5222.5449
11-Apr-18,5179.1865
10-Apr-18,5207.7305
9-Apr-18,5121.8975
6-Apr-18,5103.3511
5-Apr-18,5217.6191
4-Apr-18,5181.3071
3-Apr-18,5121.6973
2-Apr-18,5057.689
29-Mar-18,5173.1909
28-Mar-18,5102.686
27-Mar-18,5116.75
26-Mar-18,5206.6899
23-Mar-18,5069.0269
22-Mar-18,5177.5239
21-Mar-18,5310.958
20-Mar-18,5320.1982
19-Mar-18,5312.2334
16-Mar-18,5388.7354
15-Mar-18,5379.3931
14-Mar-18,5383.2656
13-Mar-18,5412.7534
12-Mar-18,5447.0967
9-Mar-18,5454.0254
8-Mar-18,5360.7329
7-Mar-18,5335.4712
6-Mar-18,5337.686
5-Mar-18,5323.3599
2-Mar-18,5265.2407
1-Mar-18,5238.1831
28-Feb-18,5308.0869
27-Feb-18,5367.0864
26-Feb-18,5435.3755
23-Feb-18,5371.5649
22-Feb-18,5286.4971
21-Feb-18,5280.9121
20-Feb-18,5309.9937
16-Feb-18,5340.8203
15-Feb-18,5338.3511
14-Feb-18,5273.4258
13-Feb-18,5202.2168
12-Feb-18,5188.3701
9-Feb-18,5116.9912
8-Feb-18,5040.0552
7-Feb-18,5235.8398
6-Feb-18,5262.0166
5-Feb-18,5171.2617
2-Feb-18,5392.2139
1-Feb-18,5508.7002
31-Jan-18,5511.2144
30-Jan-18,5508.3569
29-Jan-18,5568.6719
26-Jan-18,5606.085
25-Jan-18,5540.3818
24-Jan-18,5537.0317
23-Jan-18,5540.1274
22-Jan-18,5527.8896
19-Jan-18,5483.5718
18-Jan-18,5459.4966
17-Jan-18,5467.8462
16-Jan-18,5416.855
12-Jan-18,5435.918
11-Jan-18,5399.4619
10-Jan-18,5361.3291
9-Jan-18,5367.2607
8-Jan-18,5358.6792
5-Jan-18,5349.6895
4-Jan-18,5312.333
3-Jan-18,5289.9243
2-Jan-18,5256.2842
29-Dec-17,5212.7632
28-Dec-17,5239.5884
27-Dec-17,5229.0132
26-Dec-17,5224.5078
22-Dec-17,5229.791
21-Dec-17,5232.1616
20-Dec-17,5221.79
19-Dec-17,5225.4312
18-Dec-17,5242.2847
15-Dec-17,5214.1035
14-Dec-17,5167.4482
13-Dec-17,5187.6821
12-Dec-17,5189.96
11-Dec-17,5181.7539
8-Dec-17,5165.1919
7-Dec-17,5136.3711
6-Dec-17,5120.4629
5-Dec-17,5120.9209
4-Dec-17,5139.9111
1-Dec-17,5145.207
30-Nov-17,5155.4414
29-Nov-17,5111.6836
28-Nov-17,5112.9146
27-Nov-17,5062.8457
24-Nov-17,5064.231
22-Nov-17,5053.6035
21-Nov-17,5056.9517
20-Nov-17,5024.0117
17-Nov-17,5017.4517
16-Nov-17,5030.4756
15-Nov-17,4987.9595
14-Nov-17,5014.5293
13-Nov-17,5025.3564
10-Nov-17,5020.3071
9-Nov-17,5023.0083
8-Nov-17,5040.7427
7-Nov-17,5033.3818
6-Nov-17,5034.3047
3-Nov-17,5027.4888
2-Nov-17,5011.4756
1-Nov-17,5009.9858
31-Oct-17,5002.0303
30-Oct-17,4997.1455
27-Oct-17,5012.7495
26-Oct-17,4972.6006
25-Oct-17,4966.2881
24-Oct-17,4989.561
23-Oct-17,4981.3662
20-Oct-17,5001.1128
19-Oct-17,4975.3208
18-Oct-17,4973.2778
17-Oct-17,4969.3848
16-Oct-17,4966.0503
13-Oct-17,4957.2676
12-Oct-17,4952.8521
11-Oct-17,4960.7856
10-Oct-17,4951.7681
9-Oct-17,4940.1577
6-Oct-17,4949.0933
5-Oct-17,4952.8457
4-Oct-17,4924.1885
3-Oct-17,4917.7256
2-Oct-17,4906.9185
29-Sep-17,4887.9673
28-Sep-17,4869.8052
27-Sep-17,4862.9272
26-Sep-17,4843.1377
25-Sep-17,4842.4116
22-Sep-17,4853.1987
21-Sep-17,4849.9502
20-Sep-17,4864.6055
19-Sep-17,4861.5205
18-Sep-17,4856.0791
15-Sep-17,4848.8369
14-Sep-17,4839.2856
13-Sep-17,4843.0444
12-Sep-17,4839.3086
11-Sep-17,4822.7988
8-Sep-17,4771.019
7-Sep-17,4777.9277
6-Sep-17,4777.6885
5-Sep-17,4762.7461
1-Sep-17,4798.9873
31-Aug-17,4789.1758
30-Aug-17,4761.7227
29-Aug-17,4738.6226
28-Aug-17,4733.9707
25-Aug-17,4731.4629
24-Aug-17,4723.0278
23-Aug-17,4732.7563
22-Aug-17,4748.7266
21-Aug-17,4701.8159
18-Aug-17,4696.2202
17-Aug-17,4704.7314
16-Aug-17,4778.2788
15-Aug-17,4770.1528
14-Aug-17,4771.4277
11-Aug-17,4723.7324
10-Aug-17,4717.4009
9-Aug-17,4784.9424
8-Aug-17,4786.123
7-Aug-17,4797.1313
4-Aug-17,4789.1079
3-Aug-17,4779.9863
2-Aug-17,4789.5439
1-Aug-17,4786.2656
31-Jul-17,4774.5596
28-Jul-17,4778.0151
27-Jul-17,4784.2573
26-Jul-17,4788.4111
25-Jul-17,4787.0435
24-Jul-17,4773.1035
21-Jul-17,4778.0742
20-Jul-17,4779.8394
19-Jul-17,4780.2451
18-Jul-17,4754.2729
17-Jul-17,4751.3296
14-Jul-17,4751.4282
13-Jul-17,4729.2515
12-Jul-17,4720.2832
11-Jul-17,4685.6426
10-Jul-17,4689.2456
7-Jul-17,4684.8848
6-Jul-17,4655.0249
5-Jul-17,4697.3433
3-Jul-17,4689.6084
30-Jun-17,4678.3599
29-Jun-17,4670.9595
28-Jun-17,4711.3281
27-Jun-17,4669.2686
26-Jun-17,4707.2686
23-Jun-17,4705.7324
22-Jun-17,4698.3994
21-Jun-17,4700.4971
20-Jun-17,4702.8203
19-Jun-17,4734.479
16-Jun-17,4695.2324
15-Jun-17,4693.8638
14-Jun-17,4703.5332
13-Jun-17,4707.8799
12-Jun-17,4685.5371
9-Jun-17,4689.7886
8-Jun-17,4693.6694
7-Jun-17,4692.2876
6-Jun-17,4683.9624
5-Jun-17,4697.002
2-Jun-17,4702.5557
1-Jun-17,4685.1104
31-May-17,4649.3413
30-May-17,4650.7603
26-May-17,4655.6538
25-May-17,4653.5923
24-May-17,4632.374
23-May-17,4620.6958
22-May-17,4612.1216
19-May-17,4588.3501
18-May-17,4557.4053
17-May-17,4540.5825
16-May-17,4623.2603
15-May-17,4625.5151
12-May-17,4602.9575
11-May-17,4609.6855
10-May-17,4618.1943
9-May-17,4611.2056
8-May-17,4615.7344
5-May-17,4615.0913
4-May-17,4596.2397
3-May-17,4593.3159
2-May-17,4598.2402
1-May-17,4592.7808
28-Apr-17,4584.8198
27-Apr-17,4593.5684
26-Apr-17,4590.5625
25-Apr-17,4592.7441
24-Apr-17,4564.9326
21-Apr-17,4515.8999
20-Apr-17,4529.6455
19-Apr-17,4495.5552
18-Apr-17,4502.6641
17-Apr-17,4515.6479
13-Apr-17,4477.0688
12-Apr-17,4507.7642
11-Apr-17,4524.7095
10-Apr-17,4530.5688
7-Apr-17,4527.2041
6-Apr-17,4530.9258
5-Apr-17,4520.8594
4-Apr-17,4534.248
3-Apr-17,4530.9751
31-Mar-17,4538.2129
30-Mar-17,4548.4648
29-Mar-17,4535.0112
28-Mar-17,4529.1738
27-Mar-17,4496.5288
24-Mar-17,4501.1138
23-Mar-17,4504.9238
22-Mar-17,4509.646
21-Mar-17,4500.9805
20-Mar-17,4557.123
17-Mar-17,4566.1716
16-Mar-17,4572.1577
15-Mar-17,4579.4424
14-Mar-17,4541.2593
13-Mar-17,4556.4419
10-Mar-17,4553.2808
9-Mar-17,4538.3623
8-Mar-17,4534.6831
7-Mar-17,4543.75
6-Mar-17,4556.7217
3-Mar-17,4571.6011
2-Mar-17,4569.1724
1-Mar-17,4595.7349
28-Feb-17,4532.9253
27-Feb-17,4544.5083
24-Feb-17,4539.2485
23-Feb-17,4531.3887
22-Feb-17,4528.9663
21-Feb-17,4533.4629
17-Feb-17,4506.2031
16-Feb-17,4498.5591
15-Feb-17,4501.9888
14-Feb-17,4478.9824
13-Feb-17,4459.8281
10-Feb-17,4435.4219
9-Feb-17,4419.4043
8-Feb-17,4393.313
7-Feb-17,4388.8696
6-Feb-17,4387.6714
3-Feb-17,4396.9492
2-Feb-17,4364.855
1-Feb-17,4362.1045
31-Jan-17,4359.8149
30-Jan-17,4363.6699
27-Jan-17,4389.853
26-Jan-17,4393.4263
25-Jan-17,4396.5679
24-Jan-17,4361.5562
23-Jan-17,4333.1016
20-Jan-17,4344.668
19-Jan-17,4329.959
18-Jan-17,4345.5659
17-Jan-17,4337.2036
13-Jan-17,4350.1113
12-Jan-17,4342.0884
11-Jan-17,4351.3169
10-Jan-17,4338.6396
9-Jan-17,4338.6196
6-Jan-17,4354.0498
5-Jan-17,4337.4546
4-Jan-17,4340.7534
3-Jan-17,4315.0776
30-Dec-16,4278.6636
29-Dec-16,4298.3916
28-Dec-16,4299.4551
27-Dec-16,4334.9268
23-Dec-16,4325.166
22-Dec-16,4319.3315
21-Dec-16,4326.8467
20-Dec-16,4337.3594
19-Dec-16,4321.021
16-Dec-16,4312.397
15-Dec-16,4319.8398
14-Dec-16,4302.9341
13-Dec-16,4337.8613
12-Dec-16,4308.939
9-Dec-16,4313.605
8-Dec-16,4288.104
7-Dec-16,4278.438
6-Dec-16,4222.0356
5-Dec-16,4207.5654
2-Dec-16,4182.8096
1-Dec-16,4181.1479
30-Nov-16,4195.7305
29-Nov-16,4205.9854
28-Nov-16,4199.3872
25-Nov-16,4221.0244
23-Nov-16,4204.4907
22-Nov-16,4200.9458
21-Nov-16,4191.6831
18-Nov-16,4160.5786
17-Nov-16,4169.8657
16-Nov-16,4150.2119
15-Nov-16,4155.6245
14-Nov-16,4123.8145
11-Nov-16,4123.6909
10-Nov-16,4129.4585
9-Nov-16,4121.0269
8-Nov-16,4075.6069
7-Nov-16,4058.3042
4-Nov-16,3970.0244
3-Nov-16,3976.5615
2-Nov-16,3992.7646
1-Nov-16,4018.4746
31-Oct-16,4045.8914
28-Oct-16,4046.3616
27-Oct-16,4058.7483
26-Oct-16,4070.7566
25-Oct-16,4077.8035
24-Oct-16,4093.2249
21-Oct-16,4073.8508
20-Oct-16,4074.178
19-Oct-16,4079.4956
18-Oct-16,4069.9893
17-Oct-16,4045.0688
14-Oct-16,4057.2766
13-Oct-16,4056.4536
12-Oct-16,4068.9165
11-Oct-16,4063.9209
10-Oct-16,4115.1196
7-Oct-16,4096.25
6-Oct-16,4109.4902
5-Oct-16,4107.397
4-Oct-16,4088.1665
3-Oct-16,4108.1333
30-Sep-16,4121.0645
29-Sep-16,4088.4663
28-Sep-16,4126.8301
27-Sep-16,4104.1787
26-Sep-16,4077.7097
23-Sep-16,4112.688
22-Sep-16,4136.4131
21-Sep-16,4109.625
20-Sep-16,4065.2024
19-Sep-16,4063.9363
16-Sep-16,4063.9724
15-Sep-16,4079.3186
14-Sep-16,4037.8279
13-Sep-16,4039.9243
12-Sep-16,4099.4746
9-Sep-16,4039.9543
8-Sep-16,4141.457
7-Sep-16,4150.5054
6-Sep-16,4150.1118
2-Sep-16,4137.6983
1-Sep-16,4120.1733
31-Aug-16,4120.2852
30-Aug-16,4129.3364
29-Aug-16,4136.7471
26-Aug-16,4114.6758
25-Aug-16,4121.0859
24-Aug-16,4126.6514
23-Aug-16,4148.165
22-Aug-16,4139.9707
19-Aug-16,4142.2271
18-Aug-16,4147.6362
17-Aug-16,4138.4194
16-Aug-16,4129.6768
15-Aug-16,4151.6904
12-Aug-16,4139.6323
11-Aug-16,4142.7197
10-Aug-16,4122.6514
9-Aug-16,4132.96
8-Aug-16,4131.189
5-Aug-16,4134.5571
4-Aug-16,4099.2056
3-Aug-16,4097.3013
2-Aug-16,4083.2488
1-Aug-16,4109.2837
29-Jul-16,4114.5083
28-Jul-16,4107.7485
27-Jul-16,4100.8101
26-Jul-16,4105.5747
25-Jul-16,4104.1294
22-Jul-16,4116.5034
21-Jul-16,4097.8218
20-Jul-16,4112.6089
19-Jul-16,4094.6125
18-Jul-16,4100.397
15-Jul-16,4090.4875
14-Jul-16,4094.2837
13-Jul-16,4072.7749
12-Jul-16,4071.8528
11-Jul-16,4043.4885
8-Jul-16,4029.7495
7-Jul-16,3969.1926
6-Jul-16,3972.2637
5-Jul-16,3949.7188
1-Jul-16,3976.678
30-Jun-16,3968.2058
29-Jun-16,3915.1006
28-Jun-16,3849.0454
27-Jun-16,3781.0151
24-Jun-16,3850.6995
23-Jun-16,3994.1797
22-Jun-16,3941.4543
21-Jun-16,3947.9387
20-Jun-16,3936.9116
17-Jun-16,3914.1489
16-Jun-16,3926.9304
15-Jun-16,3914.0232
14-Jun-16,3920.929
13-Jun-16,3927.7268
10-Jun-16,3958.6799
9-Jun-16,3995.2803
8-Jun-16,4001.9817
7-Jun-16,3987.9626
6-Jun-16,3982.7422
3-Jun-16,3963.2332
2-Jun-16,3974.7595
1-Jun-16,3963.0989
31-May-16,3957.9504
27-May-16,3961.6655
26-May-16,3944.0505
25-May-16,3944.3254
24-May-16,3916.7673
23-May-16,3863.8152
20-May-16,3871.75
19-May-16,3847.9739
18-May-16,3862.2495
17-May-16,3860.8811
16-May-16,3896.3555
13-May-16,3858.1699
12-May-16,3890.8479
11-May-16,3891.1301
10-May-16,3926.626
9-May-16,3878.1409
6-May-16,3875.1836
5-May-16,3862.4021
4-May-16,3862.3958
3-May-16,3884.6282
2-May-16,3918.5271
29-Apr-16,3888.1267
28-Apr-16,3907.8816
27-Apr-16,3944.021
26-Apr-16,3937.2271
25-Apr-16,3929.8784
22-Apr-16,3937.0024
21-Apr-16,3936.8022
20-Apr-16,3957.2466
19-Apr-16,3954.0112
18-Apr-16,3941.8557
15-Apr-16,3916.1682
14-Apr-16,3920.0269
13-Apr-16,3918.9531
12-Apr-16,3879.4155
11-Apr-16,3842.1665
8-Apr-16,3852.7244
7-Apr-16,3841.9807
6-Apr-16,3888.4121
5-Apr-16,3846.5857
4-Apr-16,3886.0032
1-Apr-16,3897.6619
31-Mar-16,3873.1118
30-Mar-16,3881.0144
29-Mar-16,3863.8042
28-Mar-16,3829.2568
24-Mar-16,3827.135
23-Mar-16,3828.5796
22-Mar-16,3853.1777
21-Mar-16,3855.97
18-Mar-16,3852.1516
17-Mar-16,3835.2632
16-Mar-16,3810.0901
15-Mar-16,3788.6216
14-Mar-16,3795.5286
11-Mar-16,3800.0735
10-Mar-16,3737.7371
9-Mar-16,3736.9207
8-Mar-16,3717.4941
7-Mar-16,3759.0498
4-Mar-16,3755.4746
3-Mar-16,3743.0222
2-Mar-16,3729.5916
1-Mar-16,3713.696
29-Feb-16,3627.0586
26-Feb-16,3656.4163
25-Feb-16,3662.8394
24-Feb-16,3620.8738
23-Feb-16,3604.6841
22-Feb-16,3649.9204
19-Feb-16,3597.9165
18-Feb-16,3597.49
17-Feb-16,3614.1626
16-Feb-16,3555.1987
12-Feb-16,3496.2847
11-Feb-16,3428.9856
10-Feb-16,3471.0388
9-Feb-16,3470.5042
8-Feb-16,3472.0759
5-Feb-16,3521.5979
4-Feb-16,3587.7114
3-Feb-16,3581.5286
2-Feb-16,3562.5176
1-Feb-16,3630.4592
29-Jan-16,3631.959
28-Jan-16,3544.1333
27-Jan-16,3524.3333
26-Jan-16,3562.8069
25-Jan-16,3513.1089
22-Jan-16,3568.9023
21-Jan-16,3497.9368
20-Jan-16,3479.751
19-Jan-16,3520.4026
15-Jan-16,3518.512
14-Jan-16,3596.0291
13-Jan-16,3536.9192
12-Jan-16,3627.0635
11-Jan-16,3598.9739
8-Jan-16,3595.9055
7-Jan-16,3635.2925
6-Jan-16,3723.4387
5-Jan-16,3771.5701
4-Jan-16,3763.9863
31-Dec-15,3821.603
30-Dec-15,3857.8987
29-Dec-15,3885.5522
28-Dec-15,3843.9353
24-Dec-15,3852.3142
23-Dec-15,3858.4746
22-Dec-15,3810.8459
21-Dec-15,3777.1538
18-Dec-15,3747.5581
17-Dec-15,3815.4595
16-Dec-15,3873.1191
15-Dec-15,3817.3604
14-Dec-15,3777.2195
11-Dec-15,3759.0908
10-Dec-15,3832.9338
9-Dec-15,3823.9038
8-Dec-15,3853.4773
7-Dec-15,3878.3066
4-Dec-15,3905.3145
3-Dec-15,3826.7375
2-Dec-15,3882.3828
1-Dec-15,3924.6279
30-Nov-15,3882.8425
27-Nov-15,3900.7424
25-Nov-15,3897.574
24-Nov-15,3897.6658
23-Nov-15,3892.8015
20-Nov-15,3897.4526
19-Nov-15,3882.0613
18-Nov-15,3886.2637
17-Nov-15,3824.1399
16-Nov-15,3828.4563
13-Nov-15,3771.585
12-Nov-15,3814.2932
11-Nov-15,3867.7117
10-Nov-15,3880.2263
9-Nov-15,3873.3716
6-Nov-15,3910.9829
5-Nov-15,3911.8933
4-Nov-15,3915.521
3-Nov-15,3928.052
2-Nov-15,3917.303
30-Oct-15,3871.3298
29-Oct-15,3890.0364
28-Oct-15,3891.3506
27-Oct-15,3845.4482
26-Oct-15,3855.2937
23-Oct-15,3862.6545
22-Oct-15,3820.4912
21-Oct-15,3757.9087
20-Oct-15,3779.436
19-Oct-15,3784.7241
16-Oct-15,3783.6384
15-Oct-15,3766.4268
14-Oct-15,3711.1079
13-Oct-15,3728.4768
12-Oct-15,3753.7285
9-Oct-15,3748.9585
8-Oct-15,3746.124
7-Oct-15,3713.3601
6-Oct-15,3682.3335
5-Oct-15,3695.6064
2-Oct-15,3629.0386
1-Oct-15,3577.4714
30-Sep-15,3570.1714
29-Sep-15,3503.125
28-Sep-15,3498.6135
25-Sep-15,3589.7095
24-Sep-15,3591.3704
23-Sep-15,3603.4854
22-Sep-15,3610.7039
21-Sep-15,3655.6365
18-Sep-15,3638.9851
17-Sep-15,3698.7437
16-Sep-15,3707.6248
15-Sep-15,3675.4814
14-Sep-15,3628.8694
11-Sep-15,3643.5413
10-Sep-15,3626.1438
9-Sep-15,3606.8044
8-Sep-15,3657.3235
4-Sep-15,3567.4131
3-Sep-15,3622.658
2-Sep-15,3618.2512
1-Sep-15,3552.655
31-Aug-15,3660.7512
28-Aug-15,3691.2983
27-Aug-15,3688.5967
26-Aug-15,3600.7285
25-Aug-15,3465.1853
24-Aug-15,3512.6455
21-Aug-15,3656.6672
20-Aug-15,3776.3567
19-Aug-15,3857.7444
18-Aug-15,3889.5999
17-Aug-15,3899.1028
14-Aug-15,3878.1633
13-Aug-15,3863.0315
12-Aug-15,3867.373
11-Aug-15,3862.8147
10-Aug-15,3899.3647
7-Aug-15,3849.958
6-Aug-15,3860.9185
5-Aug-15,3889.9895
4-Aug-15,3876.4402
3-Aug-15,3885.0691
31-Jul-15,3895.7998
30-Jul-15,3904.6353
29-Jul-15,3904.2063
28-Jul-15,3875.366
27-Jul-15,3827.9277
24-Jul-15,3850.1501
23-Jul-15,3891.7869
22-Jul-15,3913.748
21-Jul-15,3922.7046
20-Jul-15,3939.3489
17-Jul-15,3936.2185
16-Jul-15,3931.855
15-Jul-15,3900.498
14-Jul-15,3903.3083
13-Jul-15,3885.9741
10-Jul-15,3843.0974
9-Jul-15,3796.2629
8-Jul-15,3787.6704
7-Jul-15,3850.6606
6-Jul-15,3827.3462
2-Jul-15,3842.0559
1-Jul-15,3843.2559
30-Jun-15,3815.8528
29-Jun-15,3805.5049
26-Jun-15,3886.21
25-Jun-15,3887.0374
24-Jun-15,3898.4749
23-Jun-15,3927.2295
22-Jun-15,3924.4065
19-Jun-15,3900.6355
18-Jun-15,3921.4275
17-Jun-15,3882.4861
16-Jun-15,3874.7344
15-Jun-15,3852.7488
12-Jun-15,3870.5642
11-Jun-15,3897.5867
10-Jun-15,3889.6968
9-Jun-15,3843.156
8-Jun-15,3841.4492
5-Jun-15,3865.8269
4-Jun-15,3871.2346
3-Jun-15,3904.8328
2-Jun-15,3895.8499
1-Jun-15,3899.5857
29-May-15,3891.1785
28-May-15,3915.8191
27-May-15,3920.1057
26-May-15,3883.875
22-May-15,3924.1621
21-May-15,3932.8965
20-May-15,3923.1792
19-May-15,3926.4089
18-May-15,3928.1504
15-May-15,3915.9937
14-May-15,3912.5159
13-May-15,3870.3584
12-May-15,3870.6892
11-May-15,3881.9319
8-May-15,3901.0068
7-May-15,3849.127
6-May-15,3833.6958
5-May-15,3849.4138
4-May-15,3895.1611
1-May-15,3883.7471
30-Apr-15,3841.7761
29-Apr-15,3880.9004
28-Apr-15,3895.2126
27-Apr-15,3884.0984
24-Apr-15,3900.2407
23-Apr-15,3891.4565
22-Apr-15,3881.9292
21-Apr-15,3862.1521
20-Apr-15,3867.8154
17-Apr-15,3832.3296
16-Apr-15,3876.1704
15-Apr-15,3879.0957
14-Apr-15,3859.2241
13-Apr-15,3852.9336
10-Apr-15,3870.3147
9-Apr-15,3850.293
8-Apr-15,3833.2004
7-Apr-15,3821.4851
6-Apr-15,3829.3103
2-Apr-15,3804.1448
1-Apr-15,3790.6577
31-Mar-15,3805.2712
30-Mar-15,3838.6526
27-Mar-15,3791.8987
26-Mar-15,3782.2119
25-Mar-15,3791.1255
24-Mar-15,3847.0542
23-Mar-15,3870.4922
20-Mar-15,3877.2554
19-Mar-15,3842.6223
18-Mar-15,3861.3889
17-Mar-15,3814.9121
16-Mar-15,3827.6155
13-Mar-15,3776.4368
12-Mar-15,3799.4329
11-Mar-15,3751.2046
10-Mar-15,3757.832
9-Mar-15,3822.4199
6-Mar-15,3807.042
5-Mar-15,3861.292
4-Mar-15,3856.5059
3-Mar-15,3872.7146
2-Mar-15,3890.3247
27-Feb-15,3866.4167
26-Feb-15,3877.8518
25-Feb-15,3882.9451
24-Feb-15,3885.2749
23-Feb-15,3874.458
20-Feb-15,3875.6006
19-Feb-15,3851.5256
18-Feb-15,3854.9961
17-Feb-15,3856.0415
13-Feb-15,3849.2861
12-Feb-15,3833.3542
11-Feb-15,3795.8203
10-Feb-15,3794.6204
9-Feb-15,3754.3618
6-Feb-15,3770.1958
5-Feb-15,3782.1125
4-Feb-15,3742.8396
3-Feb-15,3757.3362
2-Feb-15,3703.7686
30-Jan-15,3656.2844
29-Jan-15,3704.3503
28-Jan-15,3669.1025
27-Jan-15,3718.9851
26-Jan-15,3769.448
23-Jan-15,3759.7593
22-Jan-15,3780.5088
21-Jan-15,3723.6238
20-Jan-15,3705.645
16-Jan-15,3699.7888
15-Jan-15,3650.7373
14-Jan-15,3684.7234
13-Jan-15,3706.1531
12-Jan-15,3715.3586
9-Jan-15,3745.6677
8-Jan-15,3777.4021
7-Jan-15,3710.9414
6-Jan-15,3667.1377
5-Jan-15,3700.0334
2-Jan-15,3768.6797
31-Dec-14,3769.4402
30-Dec-14,3808.6887
29-Dec-14,3826.9546
26-Dec-14,3822.9995
24-Dec-14,3810.3911
23-Dec-14,3810.7764
22-Dec-14,3803.9431
19-Dec-14,3788.9741
18-Dec-14,3771.717
17-Dec-14,3682.6963
16-Dec-14,3609.062
15-Dec-14,3639.9695
12-Dec-14,3663.0974
11-Dec-14,3723.3181
10-Dec-14,3705.5073
9-Dec-14,3766.832
8-Dec-14,3767.7007
5-Dec-14,3794.6799
4-Dec-14,3788.3445
3-Dec-14,3792.6882
2-Dec-14,3777.469
1-Dec-14,3753.3118
28-Nov-14,3778.9597
26-Nov-14,3788.4158
25-Nov-14,3776.9436
24-Nov-14,3780.8811
21-Nov-14,3770.033
20-Nov-14,3749.8682
19-Nov-14,3742.3457
18-Nov-14,3747.7375
17-Nov-14,3727.8552
14-Nov-14,3724.9216
13-Nov-14,3723.5823
12-Nov-14,3721.2969
11-Nov-14,3722.8406
10-Nov-14,3720.2473
7-Nov-14,3708.458
6-Nov-14,3706.4458
5-Nov-14,3691.3789
4-Nov-14,3669.1807
3-Nov-14,3679.5798
31-Oct-14,3679.9875
30-Oct-14,3637.304
29-Oct-14,3614.5251
28-Oct-14,3619.1643
27-Oct-14,3576.4734
24-Oct-14,3581.8201
23-Oct-14,3556.6968
22-Oct-14,3513.4661
21-Oct-14,3538.9016
20-Oct-14,3470.8936
17-Oct-14,3439.387
16-Oct-14,3395.6375
15-Oct-14,3395.0342
14-Oct-14,3422.4299
13-Oct-14,3417.0137
10-Oct-14,3474.2349
9-Oct-14,3514.1165
8-Oct-14,3588.0696
7-Oct-14,3525.2944
6-Oct-14,3579.4214
3-Oct-14,3584.9353
2-Oct-14,3545.2974
1-Oct-14,3544.9778
30-Sep-14,3592.2463
29-Sep-14,3602.0938
26-Sep-14,3610.9807
25-Sep-14,3579.6111
24-Sep-14,3638.4446
23-Sep-14,3610.0996
22-Sep-14,3630.7024
19-Sep-14,3660.0276
18-Sep-14,3661.7327
17-Sep-14,3643.3979
16-Sep-14,3638.5957
15-Sep-14,3611.5222
12-Sep-14,3614.0562
11-Sep-14,3635.657
10-Sep-14,3631.4492
9-Sep-14,3617.8872
8-Sep-14,3641.6638
5-Sep-14,3652.2576
4-Sep-14,3633.8723
3-Sep-14,3639.3518
2-Sep-14,3641.5215
29-Aug-14,3643.3394
28-Aug-14,3630.9822
27-Aug-14,3636.6438
26-Aug-14,3635.7085
25-Aug-14,3631.8633
22-Aug-14,3614.5027
21-Aug-14,3621.2305
20-Aug-14,3610.4895
19-Aug-14,3601.3335
18-Aug-14,3582.7048
15-Aug-14,3552.1731
14-Aug-14,3551.9658
13-Aug-14,3536.4197
12-Aug-14,3511.9619
11-Aug-14,3517.533
8-Aug-14,3507.2114
7-Aug-14,3467.1401
6-Aug-14,3485.6653
5-Aug-14,3484.5615
4-Aug-14,3518.3064
1-Aug-14,3493.1758
31-Jul-14,3503.1938
30-Jul-14,3574.4539
29-Jul-14,3573.6475
28-Jul-14,3589.729
25-Jul-14,3588.6833
24-Jul-14,3606.1038
23-Jul-14,3604.2981
22-Jul-14,3597.9482
21-Jul-14,3579.99
18-Jul-14,3588.2056
17-Jul-14,3551.7295
16-Jul-14,3593.9092
15-Jul-14,3578.4609
14-Jul-14,3585.3694
11-Jul-14,3568.0779
10-Jul-14,3562.4946
9-Jul-14,3577.2847
8-Jul-14,3560.5295
7-Jul-14,3584.7466
3-Jul-14,3598.7317
2-Jul-14,3579.1101
1-Jul-14,3576.5464
30-Jun-14,3552.1816
27-Jun-14,3553.3452
26-Jun-14,3546.3816
25-Jun-14,3549.9583
24-Jun-14,3532.5703
23-Jun-14,3555.1377
20-Jun-14,3555.604
19-Jun-14,3549.4436
18-Jun-14,3544.4175
17-Jun-14,3517.2317
16-Jun-14,3509.5371
13-Jun-14,3506.5815
12-Jun-14,3495.5679
11-Jun-14,3519.5205
10-Jun-14,3531.6187
9-Jun-14,3532.4653
6-Jun-14,3528.9785
5-Jun-14,3512.2119
4-Jun-14,3489.2112
3-Jun-14,3482.002
2-Jun-14,3483.136
30-May-14,3480.2876
29-May-14,3473.8574
28-May-14,3454.8772
27-May-14,3458.1931
23-May-14,3437.5823
22-May-14,3422.9917
21-May-14,3414.4473
20-May-14,3386.4841
19-May-14,3408.5234
16-May-14,3395.209
15-May-14,3382.5222
14-May-14,3413.8406
13-May-14,3429.2976
12-May-14,3427.0127
9-May-14,3394.0522
8-May-14,3388.2935
7-May-14,3392.0955
6-May-14,3371.7236
5-May-14,3402.2266
2-May-14,3395.6079
1-May-14,3400.2024
30-Apr-14,3400.4648
29-Apr-14,3390.1633
28-Apr-14,3374.0371
25-Apr-14,3362.9453
24-Apr-14,3390.395
23-Apr-14,3384.4995
22-Apr-14,3391.5796
21-Apr-14,3377.7512
17-Apr-14,3364.9966
16-Apr-14,3360.2654
15-Apr-14,3325.304
14-Apr-14,3302.9785
11-Apr-14,3276.0359
10-Apr-14,3307.0779
9-Apr-14,3377.6108
8-Apr-14,3340.8438
7-Apr-14,3327.2688
4-Apr-14,3363.4058
3-Apr-14,3405.9976
2-Apr-14,3409.7964
1-Apr-14,3399.5076
31-Mar-14,3375.5129
28-Mar-14,3348.8296
27-Mar-14,3333.2341
26-Mar-14,3338.9998
25-Mar-14,3362.4409
24-Mar-14,3347.3621
21-Mar-14,3363.7188
20-Mar-14,3373.5989
19-Mar-14,3353.2942
18-Mar-14,3373.9827
17-Mar-14,3349.7122
14-Mar-14,3317.8054
13-Mar-14,3327.1089
12-Mar-14,3366.0713
11-Mar-14,3364.1724
10-Mar-14,3381.2195
7-Mar-14,3382.5732
6-Mar-14,3380.4919
5-Mar-14,3374.0996
4-Mar-14,3373.6394
3-Mar-14,3322.8518
28-Feb-14,3347.376
27-Feb-14,3338.0505
26-Feb-14,3321.1494
25-Feb-14,3320.4304
24-Feb-14,3324.8386
21-Feb-14,3304.364
20-Feb-14,3310.2666
19-Feb-14,3289.8342
18-Feb-14,3311.2747
14-Feb-14,3306.9199
13-Feb-14,3290.8191
12-Feb-14,3271.4702
11-Feb-14,3270.7393
10-Feb-14,3234.7856
7-Feb-14,3229.6436
6-Feb-14,3187.2524
5-Feb-14,3146.4941
4-Feb-14,3151.9365
3-Feb-14,3127.8652
31-Jan-14,3200.9519
30-Jan-14,3221.7783
29-Jan-14,3185.7014
28-Jan-14,3218.2146
27-Jan-14,3198.571
24-Jan-14,3214.1272
23-Jan-14,3282.6399
22-Jan-14,3312.042
21-Jan-14,3309.7407
17-Jan-14,3300.5112
16-Jan-14,3313.3608
15-Jan-14,3317.7456
14-Jan-14,3300.6096
13-Jan-14,3265.2698
10-Jan-14,3306.4912
9-Jan-14,3298.8694
8-Jan-14,3297.7373
7-Jan-14,3297.4492
6-Jan-14,3277.4834
3-Jan-14,3285.6831
2-Jan-14,3286.6873
31-Dec-13,3315.5852
30-Dec-13,3302.304
27-Dec-13,3302.656
26-Dec-13,3303.1509
24-Dec-13,3287.5483
23-Dec-13,3277.6223
20-Dec-13,3259.7939
19-Dec-13,3244.1538
18-Dec-13,3245.5881
17-Dec-13,3192.3293
16-Dec-13,3202.2209
13-Dec-13,3182.0725
12-Dec-13,3182.3301
11-Dec-13,3193.52
10-Dec-13,3229.7151
9-Dec-13,3239.9924
6-Dec-13,3233.9934
5-Dec-13,3197.7593
4-Dec-13,3211.5876
3-Dec-13,3214.9541
2-Dec-13,3225.0593
29-Nov-13,3233.7202
27-Nov-13,3236.1377
26-Nov-13,3227.3596
25-Nov-13,3226.532
22-Nov-13,3230.5435
21-Nov-13,3214.1616
20-Nov-13,3188.0354
19-Nov-13,3199.5105
18-Nov-13,3205.4636
15-Nov-13,3217.1975
14-Nov-13,3203.6497
13-Nov-13,3187.6411
12-Nov-13,3161.1028
11-Nov-13,3168.4058
8-Nov-13,3166.105
7-Nov-13,3124.1191
6-Nov-13,3165.1255
5-Nov-13,3149.9578
4-Nov-13,3158.4741
1-Nov-13,3147.2131
31-Oct-13,3138.0901
30-Oct-13,3149.9253
29-Oct-13,3165.1074
28-Oct-13,3147.3591
25-Oct-13,3143.156
24-Oct-13,3129.4087
23-Oct-13,3119.197
22-Oct-13,3133.9756
21-Oct-13,3116.0894
18-Oct-13,3115.7705
17-Oct-13,3095.4197
16-Oct-13,3074.542
15-Oct-13,3032.2729
14-Oct-13,3053.8352
11-Oct-13,3041.4253
10-Oct-13,3022.4277
9-Oct-13,2957.3987
8-Oct-13,2955.4104
7-Oct-13,2991.3855
4-Oct-13,3017.0503
3-Oct-13,2995.8118
2-Oct-13,3022.9514
1-Oct-13,3024.3799
30-Sep-13,3000.1785
27-Sep-13,3018.2356
26-Sep-13,3030.4119
25-Sep-13,3019.3076
24-Sep-13,3027.5171
23-Sep-13,3035.0854
20-Sep-13,3049.4709
19-Sep-13,3071.614
18-Sep-13,3076.8074
17-Sep-13,3039.7546
16-Sep-13,3026.9392
13-Sep-13,3009.7886
12-Sep-13,3001.6167
11-Sep-13,3010.9363
10-Sep-13,3001.3586
9-Sep-13,2979.4536
6-Sep-13,2949.7981
5-Sep-13,2949.2686
4-Sep-13,2945.6167
3-Sep-13,2921.228
30-Aug-13,2908.9551
29-Aug-13,2917.9644
28-Aug-13,2911.8274
27-Aug-13,2903.2881
26-Aug-13,2950.1321
23-Aug-13,2962.0591
22-Aug-13,2949.9573
21-Aug-13,2924.7266
20-Aug-13,2941.5798
19-Aug-13,2930.2661
16-Aug-13,2947.4629
15-Aug-13,2957.0833
14-Aug-13,2999.4229
13-Aug-13,3014.4309
12-Aug-13,3005.417
9-Aug-13,3008.7903
8-Aug-13,3019.0044
7-Aug-13,3006.6311
6-Aug-13,3017.1555
5-Aug-13,3034.4299
2-Aug-13,3038.6296
1-Aug-13,3033.5874
31-Jul-13,2995.7161
30-Jul-13,2995.678
29-Jul-13,2994.4546
26-Jul-13,3005.5071
25-Jul-13,3003.0078
24-Jul-13,2995.2961
23-Jul-13,3006.7175
22-Jul-13,3012.2974
19-Jul-13,3006.1294
18-Jul-13,3001.2095
17-Jul-13,2985.8523
16-Jul-13,2977.2605
15-Jul-13,2988.3472
12-Jul-13,2984.2358
11-Jul-13,2975.0576
10-Jul-13,2934.9683
9-Jul-13,2934.3105
8-Jul-13,2913.2026
5-Jul-13,2897.116
3-Jul-13,2867.854
2-Jul-13,2865.4763
1-Jul-13,2866.4114
28-Jun-13,2850.6624
27-Jun-13,2862.9182
26-Jun-13,2845.0374
25-Jun-13,2817.4373
24-Jun-13,2790.6599
21-Jun-13,2824.9653
20-Jun-13,2817.4353
19-Jun-13,2889.2522
18-Jun-13,2929.8127
17-Jun-13,2907.115
14-Jun-13,2885.2439
13-Jun-13,2902.3169
12-Jun-13,2859.6172
11-Jun-13,2883.0735
10-Jun-13,2912.6277
7-Jun-13,2913.459
6-Jun-13,2876.501
5-Jun-13,2851.8889
4-Jun-13,2891.0154
3-Jun-13,2906.9121
31-May-13,2889.4644
30-May-13,2931.3926
29-May-13,2920.1848
28-May-13,2940.4512
24-May-13,2921.8777
23-May-13,2923.4255
22-May-13,2931.5764
21-May-13,2955.6951
20-May-13,2950.5308
17-May-13,2952.5596
16-May-13,2922.3967
15-May-13,2936.9819
14-May-13,2921.1233
13-May-13,2891.1724
10-May-13,2890.7712
9-May-13,2878.3008
8-May-13,2887.6077
7-May-13,2874.4617
6-May-13,2859.344
3-May-13,2853.8843
2-May-13,2823.8213
1-May-13,2797.2795
30-Apr-13,2823.4194
29-Apr-13,2816.3901
26-Apr-13,2796.2385
25-Apr-13,2801.2783
24-Apr-13,2789.9316
23-Apr-13,2789.5571
22-Apr-13,2760.7986
19-Apr-13,2747.939
18-Apr-13,2723.7239
17-Apr-13,2742.0129
16-Apr-13,2781.855
15-Apr-13,2742.6274
12-Apr-13,2807.0977
11-Apr-13,2815.0186
10-Apr-13,2804.8062
9-Apr-13,2770.842
8-Apr-13,2761.0491
5-Apr-13,2742.8569
4-Apr-13,2754.6699
3-Apr-13,2743.3796
2-Apr-13,2772.1118
1-Apr-13,2757.8259
28-Mar-13,2770.0498
27-Mar-13,2758.8523
26-Mar-13,2760.3208
25-Mar-13,2738.0806
22-Mar-13,2747.2461
21-Mar-13,2727.6895
20-Mar-13,2750.4165
19-Mar-13,2732.0903
18-Mar-13,2738.6777
15-Mar-13,2753.8218
14-Mar-13,2758.2993
13-Mar-13,2742.8733
12-Mar-13,2738.354
11-Mar-13,2744.8118
8-Mar-13,2735.6694
7-Mar-13,2723.272
6-Mar-13,2718.0708
5-Mar-13,2714.3521
4-Mar-13,2688.5437
1-Mar-13,2676.1753
28-Feb-13,2669.9192
27-Feb-13,2672.1062
26-Feb-13,2637.8943
25-Feb-13,2621.4624
22-Feb-13,2670.3564
21-Feb-13,2646.7456
20-Feb-13,2662.9363
19-Feb-13,2696.2649
15-Feb-13,2676.2083
14-Feb-13,2678.7693
13-Feb-13,2676.6006
12-Feb-13,2673.7676
11-Feb-13,2669.366
8-Feb-13,2670.8523
7-Feb-13,2655.8364
6-Feb-13,2659.553
5-Feb-13,2657.7642
4-Feb-13,2630.051
1-Feb-13,2660.699
31-Jan-13,2634.1606
30-Jan-13,2640.77
29-Jan-13,2650.4297
28-Jan-13,2636.8306
25-Jan-13,2641.6411
24-Jan-13,2627.3286
23-Jan-13,2627.229
22-Jan-13,2623.2207
18-Jan-13,2611.5447
17-Jan-13,2602.6404
16-Jan-13,2588.0166
15-Jan-13,2587.1997
14-Jan-13,2584.2683
11-Jan-13,2586.6855
10-Jan-13,2586.5222
9-Jan-13,2567.0178
8-Jan-13,2560.1721
7-Jan-13,2567.6294
4-Jan-13,2575.6587
3-Jan-13,2563.1865
2-Jan-13,2568.5525
31-Dec-12,2504.4431
28-Dec-12,2462.7065
27-Dec-12,2489.9722
26-Dec-12,2492.5442
24-Dec-12,2504.5107
21-Dec-12,2510.3186
20-Dec-12,2533.9075
19-Dec-12,2519.5413
18-Dec-12,2538.7161
17-Dec-12,2509.8428
14-Dec-12,2480.3567
13-Dec-12,2490.5627
12-Dec-12,2505.7556
11-Dec-12,2504.0762
10-Dec-12,2487.7769
7-Dec-12,2486.8357
6-Dec-12,2479.4026
5-Dec-12,2470.5923
4-Dec-12,2465.8992
3-Dec-12,2470.0718
30-Nov-12,2481.822
29-Nov-12,2481.4204
28-Nov-12,2470.4675
27-Nov-12,2450.4775
26-Nov-12,2463.1189
23-Nov-12,2468.0569
21-Nov-12,2435.9714
20-Nov-12,2430.2937
19-Nov-12,2428.4734
16-Nov-12,2381.0186
15-Nov-12,2369.3198
14-Nov-12,2372.9375
13-Nov-12,2405.3794
12-Nov-12,2414.2385
9-Nov-12,2413.9248
8-Nov-12,2409.7212
7-Nov-12,2439.4756
6-Nov-12,2496.4585
5-Nov-12,2476.9395
2-Nov-12,2471.3
1-Nov-12,2494.6653
31-Oct-12,2467.5078
26-Oct-12,2466.8005
25-Oct-12,2468.5962
24-Oct-12,2461.1768
23-Oct-12,2468.7771
22-Oct-12,2504.9587
19-Oct-12,2503.8025
18-Oct-12,2545.9468
17-Oct-12,2552.0479
16-Oct-12,2541.2832
15-Oct-12,2515.4409
12-Oct-12,2495.2805
11-Oct-12,2502.6563
10-Oct-12,2501.7473
9-Oct-12,2517.1382
8-Oct-12,2542.2056
5-Oct-12,2551.0249
4-Oct-12,2550.9844
3-Oct-12,2532.7903
2-Oct-12,2523.0793
1-Oct-12,2520.7112
28-Sep-12,2513.9258
27-Sep-12,2525.2256
26-Sep-12,2500.918
25-Sep-12,2514.8318
24-Sep-12,2541.2268
21-Sep-12,2546.9226
20-Sep-12,2547.1067
19-Sep-12,2548.1118
18-Sep-12,2545.0452
17-Sep-12,2548.2566
14-Sep-12,2556.1321
13-Sep-12,2546.0308
12-Sep-12,2504.8408
11-Sep-12,2498.9519
10-Sep-12,2491.115
7-Sep-12,2506.3665
6-Sep-12,2496.1235
5-Sep-12,2445.8054
4-Sep-12,2447.7981
31-Aug-12,2450.5981
30-Aug-12,2438.1985
29-Aug-12,2457.0454
28-Aug-12,2454.3887
27-Aug-12,2456.2178
24-Aug-12,2457.4016
23-Aug-12,2441.2886
22-Aug-12,2461.1194
21-Aug-12,2460.4053
20-Aug-12,2468.9941
17-Aug-12,2468.9985
16-Aug-12,2464.3816
15-Aug-12,2446.8167
14-Aug-12,2443.1587
13-Aug-12,2443.0464
10-Aug-12,2445.6433
9-Aug-12,2440.2258
8-Aug-12,2438.1587
7-Aug-12,2435.8782
6-Aug-12,2423.4595
3-Aug-12,2417.7722
2-Aug-12,2372.3083
1-Aug-12,2389.7344
31-Jul-12,2396.6194
30-Jul-12,2406.989
27-Jul-12,2408.0684
26-Jul-12,2362.8474
25-Jul-12,2324.3333
24-Jul-12,2325.0205
23-Jul-12,2346.2207
20-Jul-12,2367.2632
19-Jul-12,2391.2725
18-Jul-12,2384.5437
17-Jul-12,2368.3635
16-Jul-12,2350.9438
13-Jul-12,2356.3977
12-Jul-12,2318.0933
11-Jul-12,2329.708
10-Jul-12,2329.4585
9-Jul-12,2348.5171
6-Jul-12,2352.3435
5-Jul-12,2373.9121
3-Jul-12,2385.0557
2-Jul-12,2369.7495
29-Jun-12,2363.7888
28-Jun-12,2306.2227
27-Jun-12,2310.9812
26-Jun-12,2289.8586
25-Jun-12,2278.981
22-Jun-12,2315.6509
21-Jun-12,2299.1563
20-Jun-12,2351.1396
19-Jun-12,2355.0144
18-Jun-12,2332.0664
15-Jun-12,2328.6604
14-Jun-12,2304.8293
13-Jun-12,2280.1292
12-Jun-12,2295.4009
11-Jun-12,2268.9392
8-Jun-12,2297.8152
7-Jun-12,2279.2771
6-Jun-12,2279.4177
5-Jun-12,2227.4531
4-Jun-12,2214.7012
1-Jun-12,2214.4065
31-May-12,2270.2495
30-May-12,2275.1858
29-May-12,2307.571
25-May-12,2281.9236
24-May-12,2286.8669
23-May-12,2283.3562
22-May-12,2279.4043
21-May-12,2278.2444
18-May-12,2242.2542
17-May-12,2258.9302
16-May-12,2293.2146
15-May-12,2302.5647
14-May-12,2315.4468
11-May-12,2341.2319
10-May-12,2348.928
9-May-12,2342.3093
8-May-12,2357.4524
7-May-12,2367.2639
4-May-12,2366.385
3-May-12,2405.1663
2-May-12,2423.2939
1-May-12,2429.0955
30-Apr-12,2415.418
27-Apr-12,2424.782
26-Apr-12,2418.8945
25-Apr-12,2402.7148
24-Apr-12,2370.0381
23-Apr-12,2361.3533
20-Apr-12,2381.3242
19-Apr-12,2378.4802
18-Apr-12,2392.5674
17-Apr-12,2402.2942
16-Apr-12,2365.6484
13-Apr-12,2366.8445
12-Apr-12,2396.6929
11-Apr-12,2364.0908
10-Apr-12,2346.2727
9-Apr-12,2387.032
5-Apr-12,2414.396
4-Apr-12,2415.0515
3-Apr-12,2439.8877
2-Apr-12,2449.0781
30-Mar-12,2430.6748
29-Mar-12,2421.7046
28-Mar-12,2425.553
27-Mar-12,2437.0063
26-Mar-12,2443.6401
23-Mar-12,2410.1648
22-Mar-12,2402.7068
21-Mar-12,2420.0193
20-Mar-12,2424.4624
19-Mar-12,2431.7263
16-Mar-12,2422.0945
15-Mar-12,2419.3718
14-Mar-12,2404.9814
13-Mar-12,2407.7878
12-Mar-12,2364.0967
9-Mar-12,2363.5579
8-Mar-12,2355.0122
7-Mar-12,2331.8899
6-Mar-12,2315.2126
5-Mar-12,2351.2756
2-Mar-12,2360.28
1-Mar-12,2367.8665
29-Feb-12,2353.2319
28-Feb-12,2364.0276
27-Feb-12,2355.7412
24-Feb-12,2352.3435
23-Feb-12,2348.1067
22-Feb-12,2337.6658
21-Feb-12,2345.4053
17-Feb-12,2343.666
16-Feb-12,2338.115
15-Feb-12,2312.2778
14-Feb-12,2323.998
13-Feb-12,2325.8142
10-Feb-12,2309.5967
9-Feb-12,2325.5605
8-Feb-12,2322.1057
7-Feb-12,2316.2659
6-Feb-12,2311.5532
3-Feb-12,2312.4863
2-Feb-12,2278.9165
1-Feb-12,2276.2427
31-Jan-12,2255.6914
30-Jan-12,2256.7188
27-Jan-12,2262.3477
26-Jan-12,2265.8425
25-Jan-12,2278.8269
24-Jan-12,2259.2173
23-Jan-12,2261.4741
20-Jan-12,2260.3743
19-Jan-12,2258.8044
18-Jan-12,2247.6387
17-Jan-12,2222.5879
13-Jan-12,2214.7271
12-Jan-12,2225.7422
11-Jan-12,2220.4849
10-Jan-12,2219.5752
9-Jan-12,2200.0015
6-Jan-12,2194.9829
5-Jan-12,2199.7319
4-Jan-12,2193.2751
3-Jan-12,2192.3989
30-Dec-11,2158.9377
29-Dec-11,2168.1174
28-Dec-11,2145.0945
27-Dec-11,2171.7073
23-Dec-11,2171.5029
22-Dec-11,2152.0361
21-Dec-11,2133.8574
20-Dec-11,2129.6716
19-Dec-11,2067.6689
16-Dec-11,2092.1836
15-Dec-11,2085.4355
14-Dec-11,2078.5078
13-Dec-11,2102.1472
12-Dec-11,2120.1536
9-Dec-11,2152.1453
8-Dec-11,2116.4067
7-Dec-11,2162.071
6-Dec-11,2157.0964
5-Dec-11,2154.6804
2-Dec-11,2132.6387
1-Dec-11,2133.0708
30-Nov-11,2137.0771
29-Nov-11,2048.0642
28-Nov-11,2042.8025
25-Nov-11,1984.5015
23-Nov-11,1989.5383
22-Nov-11,2034.4102
21-Nov-11,2042.707
18-Nov-11,2081.4231
17-Nov-11,2082.095
16-Nov-11,2117.6428
15-Nov-11,2152.7969
14-Nov-11,2142.0928
11-Nov-11,2162.4844
10-Nov-11,2121.1365
9-Nov-11,2102.7244
8-Nov-11,2182.6094
7-Nov-11,2155.9998
4-Nov-11,2142.3433
3-Nov-11,2155.8672
2-Nov-11,2115.6992
1-Nov-11,2081.9717
31-Oct-11,2141.8105
28-Oct-11,2196.1304
27-Oct-11,2195.2151
26-Oct-11,2122.3162
25-Oct-11,2100.1658
24-Oct-11,2143.1323
21-Oct-11,2115.8638
20-Oct-11,2076.7498
19-Oct-11,2067.2761
18-Oct-11,2093.4341
17-Oct-11,2051.5442
14-Oct-11,2091.9946
13-Oct-11,2056.2588
12-Oct-11,2062.2227
11-Oct-11,2041.8958
10-Oct-11,2040.7557
7-Oct-11,1973.4229
6-Oct-11,1989.6108
5-Oct-11,1953.6655
4-Oct-11,1918.3899
3-Oct-11,1875.9508
30-Sep-11,1930.7887
29-Sep-11,1980.2294
28-Sep-11,1964.1981
27-Sep-11,2005.1923
26-Sep-11,1983.9679
23-Sep-11,1938.7299
22-Sep-11,1926.7574
21-Sep-11,1990.2047
20-Sep-11,2050.3936
19-Sep-11,2053.7432
16-Sep-11,2074.0642
15-Sep-11,2062.2549
14-Sep-11,2027.0372
13-Sep-11,2000.0797
12-Sep-11,1981.2997
9-Sep-11,1967.4729
8-Sep-11,2021.4177
7-Sep-11,2043.0461
6-Sep-11,1985.6707
2-Sep-11,2000.4958
1-Sep-11,2052.2966
31-Aug-11,2076.7842
30-Aug-11,2066.3662
29-Aug-11,2061.0476
26-Aug-11,2004.109
25-Aug-11,1973.9624
24-Aug-11,2005.1333
23-Aug-11,1978.8947
22-Aug-11,1913.2725
19-Aug-11,1912.7727
18-Aug-11,1941.9198
17-Aug-11,2032.4143
16-Aug-11,2029.9231
15-Aug-11,2049.5134
12-Aug-11,2005.6738
11-Aug-11,1995.1371
10-Aug-11,1906.5345
9-Aug-11,1993.7614
8-Aug-11,1903.4745
5-Aug-11,2039.0443
4-Aug-11,2040.2025
3-Aug-11,2142.5647
2-Aug-11,2131.1033
1-Aug-11,2187.0029
29-Jul-11,2196.0796
28-Jul-11,2210.3289
27-Jul-11,2217.2876
26-Jul-11,2263.1453
25-Jul-11,2272.4741
22-Jul-11,2285.3433
21-Jul-11,2283.2268
20-Jul-11,2252.5247
19-Jul-11,2253.7107
18-Jul-11,2217.5454
15-Jul-11,2235.646
14-Jul-11,2223.2864
13-Jul-11,2238.2883
12-Jul-11,2231.1528
11-Jul-11,2241.0715
8-Jul-11,2282.323
7-Jul-11,2298.3105
6-Jul-11,2274.4214
5-Jul-11,2271.2886
1-Jul-11,2274.2578
30-Jun-11,2241.6628
29-Jun-11,2219.1978
28-Jun-11,2200.6841
27-Jun-11,2172.0791
24-Jun-11,2152.3103
23-Jun-11,2177.854
22-Jun-11,2184.0259
21-Jun-11,2198.1499
20-Jun-11,2168.7993
17-Jun-11,2157.1448
16-Jun-11,2150.5776
15-Jun-11,2146.4473
14-Jun-11,2184.4788
13-Jun-11,2157.1521
10-Jun-11,2154.9961
9-Jun-11,2185.5186
8-Jun-11,2169.5015
7-Jun-11,2178.1453
6-Jun-11,2180.1357
3-Jun-11,2203.8113
2-Jun-11,2225.3633
1-Jun-11,2227.9624
31-May-11,2279.6628
27-May-11,2255.7439
26-May-11,2246.1262
25-May-11,2236.7488
24-May-11,2229.4944
23-May-11,2231.3091
20-May-11,2258.2134
19-May-11,2275.707
18-May-11,2270.5654
17-May-11,2250.3479
16-May-11,2250.6072
13-May-11,2264.5171
12-May-11,2282.8447
11-May-11,2271.47
10-May-11,2295.7244
9-May-11,2277.3018
6-May-11,2266.9722
5-May-11,2258.0764
4-May-11,2278.6343
3-May-11,2293.9514
2-May-11,2301.7214
29-Apr-11,2305.7632
28-Apr-11,2300.4609
27-Apr-11,2292.1348
26-Apr-11,2277.511
25-Apr-11,2257.2385
21-Apr-11,2260.8357
20-Apr-11,2248.9038
19-Apr-11,2218.8633
18-Apr-11,2206.1521
15-Apr-11,2230.7046
14-Apr-11,2221.9866
13-Apr-11,2221.7722
12-Apr-11,2221.1213
11-Apr-11,2238.5068
8-Apr-11,2244.7351
7-Apr-11,2253.761
6-Apr-11,2257.1055
5-Apr-11,2251.2603
4-Apr-11,2251.6416
1-Apr-11,2250.5828
31-Mar-11,2239.4414
30-Mar-11,2243.5515
29-Mar-11,2228.4055
28-Mar-11,2212.3247
25-Mar-11,2218.4182
24-Mar-11,2211.4248
23-Mar-11,2190.9641
22-Mar-11,2184.5698
21-Mar-11,2192.0881
18-Mar-11,2159.6934
17-Mar-11,2150.425
16-Mar-11,2121.937
15-Mar-11,2164.062
14-Mar-11,2188.562
11-Mar-11,2201.8071
10-Mar-11,2185.6533
9-Mar-11,2227.7009
8-Mar-11,2230.3955
7-Mar-11,2210.2637
4-Mar-11,2228.7786
3-Mar-11,2245.3298
2-Mar-11,2207.2361
1-Mar-11,2203.315
28-Feb-11,2238.5508
25-Feb-11,2226.0476
24-Feb-11,2202.228
23-Feb-11,2203.8914
22-Feb-11,2217.3484
18-Feb-11,2263.7856
17-Feb-11,2259.4155
16-Feb-11,2252.2974
15-Feb-11,2237.8965
14-Feb-11,2244.8872
11-Feb-11,2239.0825
10-Feb-11,2226.51
9-Feb-11,2224.6411
8-Feb-11,2230.5889
7-Feb-11,2220.6025
4-Feb-11,2206.7966
3-Feb-11,2200.4229
2-Feb-11,2194.9443
1-Feb-11,2200.5415
31-Jan-11,2164.4004
28-Jan-11,2147.9463
27-Jan-11,2186.929
26-Jan-11,2181.9241
25-Jan-11,2172.6736
24-Jan-11,2172.031
21-Jan-11,2159.4297
20-Jan-11,2154.1824
19-Jan-11,2156.9739
18-Jan-11,2178.7197
14-Jan-11,2175.6826
13-Jan-11,2159.6599
12-Jan-11,2163.355
11-Jan-11,2143.8191
10-Jan-11,2135.8635
7-Jan-11,2138.8064
6-Jan-11,2142.7571
5-Jan-11,2146.4963
4-Jan-11,2135.5254
3-Jan-11,2138.3003
31-Dec-10,2114.2886
30-Dec-10,2114.6963
29-Dec-10,2117.834
28-Dec-10,2115.3225
27-Dec-10,2113.666
23-Dec-10,2112.373
22-Dec-10,2115.6943
21-Dec-10,2108.2644
20-Dec-10,2095.3245
17-Dec-10,2089.948
16-Dec-10,2088.1902
15-Dec-10,2075.2898
14-Dec-10,2085.9302
13-Dec-10,2083.9988
10-Dec-10,2083.5664
9-Dec-10,2071.1191
8-Dec-10,2063.0269
7-Dec-10,2054.8892
6-Dec-10,2053.8049
3-Dec-10,2056.3972
2-Dec-10,2050.9631
1-Dec-10,2024.9694
30-Nov-10,1981.8394
29-Nov-10,1993.834
26-Nov-10,1996.028
24-Nov-10,2010.5635
23-Nov-10,1980.894
22-Nov-10,2009.5189
19-Nov-10,2012.5875
18-Nov-10,2007.3806
17-Nov-10,1976.9993
16-Nov-10,1976.2555
15-Nov-10,2008.2474
12-Nov-10,2010.5685
11-Nov-10,2034.4845
10-Nov-10,2043.1573
9-Nov-10,2033.847
8-Nov-10,2049.6924
5-Nov-10,2053.7705
4-Nov-10,2045.6176
3-Nov-10,2006.5824
2-Nov-10,1998.8611
1-Nov-10,1983.4727
29-Oct-10,1981.5853
28-Oct-10,1982.4534
27-Oct-10,1980.0525
26-Oct-10,1985.1309
25-Oct-10,1985.1051
22-Oct-10,1980.8315
21-Oct-10,1976.1232
20-Oct-10,1972.5115
19-Oct-10,1951.6707
18-Oct-10,1983.1683
15-Oct-10,1968.8724
14-Oct-10,1964.8972
13-Oct-10,1972.076
12-Oct-10,1957.922
11-Oct-10,1950.4675
8-Oct-10,1950.1801
7-Oct-10,1938.3075
6-Oct-10,1941.5023
5-Oct-10,1941.8186
4-Oct-10,1902.1487
1-Oct-10,1917.4222
30-Sep-10,1908.9513
29-Sep-10,1914.8378
28-Sep-10,1919.5852
27-Sep-10,1909.9799
24-Sep-10,1920.8427
23-Sep-10,1880.9718
22-Sep-10,1896.7719
21-Sep-10,1905.7361
20-Sep-10,1910.6001
17-Sep-10,1881.9288
16-Sep-10,1880.3684
15-Sep-10,1880.7427
14-Sep-10,1874.0712
13-Sep-10,1875.4056
10-Sep-10,1854.1049
9-Sep-10,1845.0944
8-Sep-10,1836.2063
7-Sep-10,1824.0474
3-Sep-10,1845.1035
2-Sep-10,1820.979
1-Sep-10,1804.4554
31-Aug-10,1752.5459
30-Aug-10,1751.7935
27-Aug-10,1777.6001
26-Aug-10,1748.1365
25-Aug-10,1761.6215
24-Aug-10,1755.6486
23-Aug-10,1781.4705
20-Aug-10,1788.6718
19-Aug-10,1795.2437
18-Aug-10,1826.1421
17-Aug-10,1823.1827
16-Aug-10,1800.7001
13-Aug-10,1800.3876
12-Aug-10,1807.6055
11-Aug-10,1817.1265
10-Aug-10,1868.88
9-Aug-10,1880.056
6-Aug-10,1869.7675
5-Aug-10,1876.512
4-Aug-10,1878.812
3-Aug-10,1866.8682
2-Aug-10,1875.845
30-Jul-10,1835.4037
29-Jul-10,1835.2926
28-Jul-10,1842.6566
27-Jul-10,1855.3892
26-Jul-10,1857.3395
23-Jul-10,1836.7515
22-Jul-10,1821.7599
21-Jul-10,1781.5981
20-Jul-10,1804.4764
19-Jul-10,1784.0643
16-Jul-10,1773.4253
15-Jul-10,1825.9965
14-Jul-10,1823.8239
13-Jul-10,1824.0726
12-Jul-10,1796.2983
9-Jul-10,1794.9382
8-Jul-10,1782.0964
7-Jul-10,1765.4242
6-Jul-10,1710.9731
2-Jul-10,1701.8571
1-Jul-10,1709.7708
30-Jun-10,1715.2295
29-Jun-10,1732.5532
28-Jun-10,1787.9403
25-Jun-10,1791.2441
24-Jun-10,1786.1301
23-Jun-10,1816.6473
22-Jun-10,1822.0482
21-Jun-10,1851.5468
18-Jun-10,1858.7031
17-Jun-10,1856.2462
16-Jun-10,1853.6237
15-Jun-10,1854.6106
14-Jun-10,1812.0219
11-Jun-10,1815.2598
10-Jun-10,1806.6938
9-Jun-10,1754.9084
8-Jun-10,1765.2885
7-Jun-10,1745.8723
4-Jun-10,1769.7162
3-Jun-10,1832.725
2-Jun-10,1825.2528
1-Jun-10,1778.9905
28-May-10,1809.9788
27-May-10,1832.6071
26-May-10,1773.6473
25-May-10,1783.3979
24-May-10,1782.7662
21-May-10,1806.0493
20-May-10,1779.3005
19-May-10,1851.2823
18-May-10,1860.6469
17-May-10,1887.1129
14-May-10,1884.6655
13-May-10,1920.7617
12-May-10,1944.2531
11-May-10,1917.2487
10-May-10,1923.3899
7-May-10,1842.3202
6-May-10,1870.9492
5-May-10,1933.2511
4-May-10,1945.3721
3-May-10,1992.8733
30-Apr-10,1967.0491
29-Apr-10,2000.3447
28-Apr-10,1974.6289
27-Apr-10,1961.598
26-Apr-10,2008.5532
23-Apr-10,2017.1934
22-Apr-10,2002.932
21-Apr-10,1998.3129
20-Apr-10,2000.3284
19-Apr-10,1984.3184
16-Apr-10,1975.3639
15-Apr-10,2007.7405
14-Apr-10,2006.0564
13-Apr-10,1983.9055
12-Apr-10,1982.396
9-Apr-10,1978.8633
8-Apr-10,1965.7206
7-Apr-10,1959.041
6-Apr-10,1969.7552
5-Apr-10,1966.4401
1-Apr-10,1950.9073
31-Mar-10,1936.4766
30-Mar-10,1942.8142
29-Mar-10,1942.5067
26-Mar-10,1931.1798
25-Mar-10,1929.7458
24-Mar-10,1933.0405
23-Mar-10,1943.7007
22-Mar-10,1929.6357
19-Mar-10,1919.8022
18-Mar-10,1929.6267
17-Mar-10,1930.2196
16-Mar-10,1919.0234
15-Mar-10,1904.1868
12-Mar-10,1903.2866
11-Mar-10,1903.6835
10-Mar-10,1895.3842
9-Mar-10,1886.6028
8-Mar-10,1883.2869
5-Mar-10,1883.2804
4-Mar-10,1857.2043
3-Mar-10,1850.2419
2-Mar-10,1849.1681
1-Mar-10,1844.8715
26-Feb-10,1826.2705
25-Feb-10,1823.6392
24-Feb-10,1826.9851
23-Feb-10,1809.0537
22-Feb-10,1831.2053
19-Feb-10,1833.0909
18-Feb-10,1828.8105
17-Feb-10,1816.7019
16-Feb-10,1808.7249
12-Feb-10,1776.5022
11-Feb-10,1781.0088
10-Feb-10,1763.6907
9-Feb-10,1767.1787
8-Feb-10,1744.3727
5-Feb-10,1759.3813
4-Feb-10,1754.2971
3-Feb-10,1810.636
2-Feb-10,1819.9907
1-Feb-10,1796.6682
29-Jan-10,1771.3976
28-Jan-10,1788.9723
27-Jan-10,1810.2104
26-Jan-10,1801.3438
25-Jan-10,1808.9299
22-Jan-10,1800.6124
21-Jan-10,1841.3864
20-Jan-10,1876.8981
19-Jan-10,1896.7181
15-Jan-10,1873.297
14-Jan-10,1893.7231
13-Jan-10,1889.0953
12-Jan-10,1873.3197
11-Jan-10,1891.0563
8-Jan-10,1887.7657
7-Jan-10,1882.3444
6-Jan-10,1874.7295
5-Jan-10,1872.8962
4-Jan-10,1867.063
31-Dec-09,1837.4993
30-Dec-09,1856.1412
29-Dec-09,1855.6095
28-Dec-09,1857.8883
24-Dec-09,1855.5009
23-Dec-09,1845.8043
22-Dec-09,1841.1746
21-Dec-09,1834.5939
18-Dec-09,1815.4954
17-Dec-09,1804.9606
16-Dec-09,1826.4517
15-Dec-09,1824.3662
14-Dec-09,1834.5529
11-Dec-09,1821.8033
10-Dec-09,1814.8136
9-Dec-09,1804.0988
8-Dec-09,1797.3062
7-Dec-09,1815.6973
4-Dec-09,1820.1071
3-Dec-09,1810.126
2-Dec-09,1825.3981
1-Dec-09,1824.5405
30-Nov-09,1802.6797
27-Nov-09,1795.6956
25-Nov-09,1826.7416
24-Nov-09,1818.3148
23-Nov-09,1819.1733
20-Nov-09,1794.6454
19-Nov-09,1800.1166
18-Nov-09,1824.6086
17-Nov-09,1825.1844
16-Nov-09,1823.2913
13-Nov-09,1796.9313
12-Nov-09,1786.6611
11-Nov-09,1804.9283
10-Nov-09,1795.9025
9-Nov-09,1795.5583
6-Nov-09,1756.0669
5-Nov-09,1751.4452
4-Nov-09,1718.2061
3-Nov-09,1715.8121
2-Nov-09,1711.6519
30-Oct-09,1700.6677
29-Oct-09,1749.7629
28-Oct-09,1711.0873
27-Oct-09,1744.9532
26-Oct-09,1750.7543
23-Oct-09,1771.5022
22-Oct-09,1793.337
21-Oct-09,1774.3342
20-Oct-09,1789.9283
19-Oct-09,1801.1249
16-Oct-09,1784.3507
15-Oct-09,1798.9109
14-Oct-09,1791.4703
13-Oct-09,1760.5103
12-Oct-09,1765.3126
9-Oct-09,1757.6038
8-Oct-09,1747.7043
7-Oct-09,1734.7443
6-Oct-09,1729.1437
5-Oct-09,1705.7329
2-Oct-09,1680.7047
1-Oct-09,1688.2357
30-Sep-09,1732.8591
29-Sep-09,1738.4761
28-Sep-09,1742.3174
25-Sep-09,1711.5313
24-Sep-09,1722.019
23-Sep-09,1738.3156
22-Sep-09,1755.9933
21-Sep-09,1744.4698
18-Sep-09,1750.4269
17-Sep-09,1745.7981
16-Sep-09,1750.9137
15-Sep-09,1724.4476
14-Sep-09,1719.0443
11-Sep-09,1708.187
10-Sep-09,1710.1359
9-Sep-09,1692.4803
8-Sep-09,1679.3231
4-Sep-09,1664.3364
3-Sep-09,1642.6799
2-Sep-09,1628.6606
1-Sep-09,1633.6326
31-Aug-09,1670.5233
28-Aug-09,1684.05
27-Aug-09,1687.1644
26-Aug-09,1682.2943
25-Aug-09,1681.9244
24-Aug-09,1677.9434
21-Aug-09,1678.8364
20-Aug-09,1647.8525
19-Aug-09,1629.917
18-Aug-09,1618.5966
17-Aug-09,1602.061
14-Aug-09,1641.5435
13-Aug-09,1655.656
12-Aug-09,1644.2292
11-Aug-09,1624.908
10-Aug-09,1645.2577
7-Aug-09,1650.7292
6-Aug-09,1628.8185
5-Aug-09,1637.8068
4-Aug-09,1642.0314
3-Aug-09,1637.0553
31-Jul-09,1612.312
30-Jul-09,1611.1351
29-Jul-09,1591.9955
28-Jul-09,1599.0898
27-Jul-09,1603.2574
24-Jul-09,1598.5009
23-Jul-09,1593.6501
22-Jul-09,1557.366
21-Jul-09,1557.9091
20-Jul-09,1552.2568
17-Jul-09,1534.7035
16-Jul-09,1535.3037
15-Jul-09,1522.0879
14-Jul-09,1478.24
13-Jul-09,1470.4269
10-Jul-09,1434.5037
9-Jul-09,1440.3027
8-Jul-09,1435.1993
7-Jul-09,1436.7428
6-Jul-09,1465.5835
2-Jul-09,1461.7981
1-Jul-09,1505.6394
30-Jun-09,1498.9365
29-Jun-09,1511.7039
26-Jun-09,1498.0813
25-Jun-09,1499.9753
24-Jun-09,1468.4795
23-Jun-09,1458.9194
22-Jun-09,1455.5406
19-Jun-09,1501.2452
18-Jun-09,1496.5902
17-Jun-09,1483.8953
16-Jun-09,1485.9192
15-Jun-09,1505.0624
12-Jun-09,1541.6982
11-Jun-09,1539.5021
10-Jun-09,1529.7581
9-Jun-09,1535.0323
8-Jun-09,1529.5883
5-Jun-09,1530.8169
4-Jun-09,1534.5912
3-Jun-09,1516.8761
2-Jun-09,1537.6935
1-Jun-09,1534.6526
29-May-09,1495.969
28-May-09,1475.9377
27-May-09,1453.2806
26-May-09,1481.1044
22-May-09,1443.1429
21-May-09,1445.2787
20-May-09,1469.4734
19-May-09,1476.9369
18-May-09,1479.2402
15-May-09,1435.4822
14-May-09,1451.7906
13-May-09,1436.7446
12-May-09,1475.8256
11-May-09,1477.2032
8-May-09,1509.1383
7-May-09,1473.6638
6-May-09,1493.307
5-May-09,1467.248
4-May-09,1472.6412
1-May-09,1424.4081
30-Apr-09,1416.7273
29-Apr-09,1417.9895
28-Apr-09,1387.8239
27-Apr-09,1391.58
24-Apr-09,1405.7369
23-Apr-09,1382.5186
22-Apr-09,1368.9163
21-Apr-09,1379.2168
20-Apr-09,1350.5214
17-Apr-09,1410.8517
16-Apr-09,1403.8853
15-Apr-09,1382.3578
14-Apr-09,1365.2039
13-Apr-09,1393.1254
9-Apr-09,1389.4867
8-Apr-09,1338.5323
7-Apr-09,1322.9124
6-Apr-09,1354.3599
3-Apr-09,1365.6627
2-Apr-09,1352.4741
1-Apr-09,1314.6311
31-Mar-09,1292.9772
30-Mar-09,1276.2246
27-Mar-09,1322.1866
26-Mar-09,1349.3732
25-Mar-09,1318.6106
24-Mar-09,1306.0284
23-Mar-09,1333.2072
20-Mar-09,1244.8549
19-Mar-09,1269.925
18-Mar-09,1286.6215
17-Mar-09,1260.2911
16-Mar-09,1221.0332
13-Mar-09,1225.3157
12-Mar-09,1215.8687
11-Mar-09,1168.0736
10-Mar-09,1164.8308
9-Mar-09,1095.0358
6-Mar-09,1105.9978
5-Mar-09,1104.3759
4-Mar-09,1153.3495
3-Mar-09,1126.1761
2-Mar-09,1133.4312
27-Feb-09,1188.8405
26-Feb-09,1217.4908
25-Feb-09,1236.7424
24-Feb-09,1249.76
23-Feb-09,1201.5609
20-Feb-09,1244.717
19-Feb-09,1258.8168
18-Feb-09,1273.2941
17-Feb-09,1274.2563
13-Feb-09,1334.8325
12-Feb-09,1348.1508
11-Feb-09,1345.5002
10-Feb-09,1334.3033
9-Feb-09,1403.1941
6-Feb-09,1401.0614
5-Feb-09,1363.8156
4-Feb-09,1341.7654
3-Feb-09,1350.8848
2-Feb-09,1329.8127
30-Jan-09,1330.5103
29-Jan-09,1361.5354
28-Jan-09,1408.0721
27-Jan-09,1362.1842
26-Jan-09,1347.4675
23-Jan-09,1340.0182
22-Jan-09,1332.8403
21-Jan-09,1353.3276
20-Jan-09,1296.6328
16-Jan-09,1368.9186
15-Jan-09,1358.6404
14-Jan-09,1356.7885
13-Jan-09,1403.6272
12-Jan-09,1401.069
9-Jan-09,1433.4121
8-Jan-09,1464.6014
7-Jan-09,1459.5778
6-Jan-09,1503.8662
5-Jan-09,1492.2069
2-Jan-09,1499.1661
31-Dec-08,1452.9764
30-Dec-08,1432.652
29-Dec-08,1398.2512
26-Dec-08,1403.2227
24-Dec-08,1395.7551
23-Dec-08,1387.0786
22-Dec-08,1400.4174
19-Dec-08,1426.3876
18-Dec-08,1422.1859
17-Dec-08,1452.8756
16-Dec-08,1466.8744
15-Dec-08,1395.2106
12-Dec-08,1413.071
11-Dec-08,1403.1964
10-Dec-08,1443.9998
9-Dec-08,1426.88
8-Dec-08,1460.6028
5-Dec-08,1406.3629
4-Dec-08,1356.8121
3-Dec-08,1397.7164
2-Dec-08,1361.7888
1-Dec-08,1309.392
28-Nov-08,1437.6792
26-Nov-08,1423.9044
25-Nov-08,1374.7891
24-Nov-08,1365.6342
21-Nov-08,1282.59
20-Nov-08,1206.0388
19-Nov-08,1292.7559
18-Nov-08,1376.8146
17-Nov-08,1363.1373
14-Nov-08,1399.1956
13-Nov-08,1459.8174
12-Nov-08,1365.1488
11-Nov-08,1439.2161
10-Nov-08,1471.6421
7-Nov-08,1490.3071
6-Nov-08,1448.0089
5-Nov-08,1524.2141
4-Nov-08,1607.9967
3-Nov-08,1544.9133
31-Oct-08,1548.8136
30-Oct-08,1525.3654
29-Oct-08,1486.7277
28-Oct-08,1503.1583
27-Oct-08,1356.78
24-Oct-08,1401.2906
23-Oct-08,1451.373455
22-Oct-08,1433.2214
21-Oct-08,1526.0196
20-Oct-08,1574.4998
17-Oct-08,1502.8376
16-Oct-08,1512.2063
15-Oct-08,1450.5044
14-Oct-08,1594.4139
13-Oct-08,1602.9282
10-Oct-08,1436.5621
9-Oct-08,1453.5186
8-Oct-08,1573.342
7-Oct-08,1590.5129
6-Oct-08,1687.3351
3-Oct-08,1754.9069
2-Oct-08,1778.8966
1-Oct-08,1853.2638
30-Sep-08,1861.4383
29-Sep-08,1765.7235
26-Sep-08,1935.78674
25-Sep-08,1929.2441
24-Sep-08,1892.051
23-Sep-08,1895.7811
22-Sep-08,1925.8547
19-Sep-08,2002.3217
18-Sep-08,1924.8495
17-Sep-08,1844.3061
16-Sep-08,1935.4895
15-Sep-08,1902.174
12-Sep-08,1996.2546
11-Sep-08,1992.0012
10-Sep-08,1964.2483
9-Sep-08,1952.1375
8-Sep-08,2021.1289
5-Sep-08,1980.1831
4-Sep-08,1971.3694
3-Sep-08,2032.1272
2-Sep-08,2035.2374
29-Aug-08,2043.5319
28-Aug-08,2071.8618
27-Aug-08,2041.2373
26-Aug-08,2024.7241
25-Aug-08,2017.2668
22-Aug-08,2057.6379
21-Aug-08,2034.347
20-Aug-08,2029.151
19-Aug-08,2016.517
18-Aug-08,2035.2986
15-Aug-08,2066.3558
14-Aug-08,2057.7218
13-Aug-08,2046.3473
12-Aug-08,2051.6621
11-Aug-08,2076.5906
8-Aug-08,2061.7727
7-Aug-08,2013.6552
6-Aug-08,2050.229
5-Aug-08,2042.4441
4-Aug-08,1985.2329
1-Aug-08,2003.1619
31-Jul-08,2014.3944
30-Jul-08,2040.8073
29-Jul-08,2007.213
28-Jul-08,1961.2305
25-Jul-08,1998.4059
24-Jul-08,1990.0861
23-Jul-08,2037.1509
22-Jul-08,2028.9054
21-Jul-08,2001.8553
18-Jul-08,2002.8839
17-Jul-08,2002.3037
16-Jul-08,1978.4692
15-Jul-08,1929.8469
14-Jul-08,1951.0844
11-Jul-08,1968.8632
10-Jul-08,1990.7832
9-Jul-08,1976.9652
8-Jul-08,2022.8264
7-Jul-08,1988.0887
3-Jul-08,2004.8674
2-Jul-08,2002.643
1-Jul-08,2039.6556
30-Jun-08,2031.4713
27-Jun-08,2028.8909
26-Jun-08,2036.4006
25-Jun-08,2097.3647
24-Jun-08,2085.0769
23-Jun-08,2090.9355
20-Jun-08,2090.8148
19-Jun-08,2130.3027
18-Jun-08,2121.7764
17-Jun-08,2142.5515
16-Jun-08,2157.1396
13-Jun-08,2156.9607
12-Jun-08,2124.937
11-Jun-08,2117.837
10-Jun-08,2153.7693
9-Jun-08,2159.0283
6-Jun-08,2157.2363
5-Jun-08,2225.7422
4-Jun-08,2183.0095
3-Jun-08,2182.6461
2-Jun-08,2195.2688
30-May-08,2218.4986
29-May-08,2215.1172
28-May-08,2203.1022
27-May-08,2193.9778
23-May-08,2179.0537
22-May-08,2208.1979
21-May-08,2202.0205
20-May-08,2237.7868
19-May-08,2258.7402
16-May-08,2256.6348
15-May-08,2253.7632
14-May-08,2229.7444
13-May-08,2220.4619
12-May-08,2220.8112
9-May-08,2196.5373
8-May-08,2210.9516
7-May-08,2202.7699
6-May-08,2242.4734
5-May-08,2225.3682
2-May-08,2235.299
1-May-08,2228.0926
30-Apr-08,2190.1307
29-Apr-08,2198.4977
28-Apr-08,2207.017
25-Apr-08,2209.2513
24-Apr-08,2194.9637
23-Apr-08,2180.9099
22-Apr-08,2174.5901
21-Apr-08,2193.8721
18-Apr-08,2197.2355
17-Apr-08,2158.0766
16-Apr-08,2156.6729
15-Apr-08,2108.5907
14-Apr-08,2098.9151
11-Apr-08,2106.0132
10-Apr-08,2149.6693
9-Apr-08,2139.9931
8-Apr-08,2157.2788
7-Apr-08,2167.6054
4-Apr-08,2164.2113
3-Apr-08,2162.458
2-Apr-08,2159.633
1-Apr-08,2163.3833
31-Mar-08,2088.4182
28-Mar-08,2076.5558
27-Mar-08,2093.1108
26-Mar-08,2116.9251
25-Mar-08,2135.5416
24-Mar-08,2130.6226
20-Mar-08,2098.4628
19-Mar-08,2049.395
18-Mar-08,2100.3774
17-Mar-08,2014.8756
14-Mar-08,2032.7853
13-Mar-08,2075.8833
12-Mar-08,2065.2102
11-Mar-08,2083.363
10-Mar-08,2008.7125
7-Mar-08,2040.1742
6-Mar-08,2057.442
5-Mar-08,2103.4217
4-Mar-08,2091.4223
3-Mar-08,2098.6386
29-Feb-08,2097.475
28-Feb-08,2155.8053
27-Feb-08,2175.0013
26-Feb-08,2176.4759
25-Feb-08,2161.5116
22-Feb-08,2132.0212
21-Feb-08,2115.1259
20-Feb-08,2141.9538
19-Feb-08,2124.1189
15-Feb-08,2125.8541
14-Feb-08,2123.9407
13-Feb-08,2152.7639
12-Feb-08,2123.0596
11-Feb-08,2107.6529
8-Feb-08,2095.2119
7-Feb-08,2104.0207
6-Feb-08,2087.0499
5-Feb-08,2102.2339
4-Feb-08,2171.5142
1-Feb-08,2194.4273
31-Jan-08,2167.9009
30-Jan-08,2131.7847
29-Jan-08,2141.8501
28-Jan-08,2128.6384
25-Jan-08,2091.8841
24-Jan-08,2125.6046
23-Jan-08,2104.3735
22-Jan-08,2060.1493
18-Jan-08,2083.2369
17-Jan-08,2095.8612
16-Jan-08,2158.5751
15-Jan-08,2170.5105
14-Jan-08,2225.9758
11-Jan-08,2202.0267
10-Jan-08,2232.245
9-Jan-08,2214.6021
8-Jan-08,2184.6665
7-Jan-08,2224.7608
4-Jan-08,2217.5916
3-Jan-08,2273.4139
2-Jan-08,2273.4058
31-Dec-07,2306.2325
28-Dec-07,2322.1085
27-Dec-07,2318.7228
26-Dec-07,2351.6016
24-Dec-07,2349.6627
21-Dec-07,2330.8119
20-Dec-07,2292.234
19-Dec-07,2280.4691
18-Dec-07,2283.4987
17-Dec-07,2269.238
14-Dec-07,2303.7881
13-Dec-07,2335.7913
12-Dec-07,2332.8507
11-Dec-07,2318.5147
10-Dec-07,2378.6025
7-Dec-07,2360.7867
6-Dec-07,2364.9735
5-Dec-07,2329.7137
4-Dec-07,2293.6545
3-Dec-07,2308.7394
30-Nov-07,2322.3441
29-Nov-07,2304.4257
28-Nov-07,2303.1693
27-Nov-07,2238.5192
26-Nov-07,2205.4856
23-Nov-07,2257.9537
21-Nov-07,2220.2067
20-Nov-07,2256.0152
19-Nov-07,2245.8145
16-Nov-07,2285.6725
15-Nov-07,2273.7258
14-Nov-07,2304.0573
13-Nov-07,2319.856
12-Nov-07,2253.5313
9-Nov-07,2276.259
8-Nov-07,2309.1838
7-Nov-07,2310.4118
6-Nov-07,2379.0516
5-Nov-07,2350.6924
2-Nov-07,2362.2099
1-Nov-07,2360.2081
31-Oct-07,2423.6694
30-Oct-07,2394.8101
29-Oct-07,2410.3317
26-Oct-07,2401.0741
25-Oct-07,2368.4291
24-Oct-07,2370.7079
23-Oct-07,2376.4749
22-Oct-07,2355.7373
19-Oct-07,2346.7753
18-Oct-07,2408.4643
17-Oct-07,2410.2169
16-Oct-07,2405.7614
15-Oct-07,2421.6744
12-Oct-07,2442.1216
11-Oct-07,2430.5454
10-Oct-07,2443.0209
9-Oct-07,2447.0275
8-Oct-07,2427.3292
5-Oct-07,2435.1623
4-Oct-07,2411.4135
3-Oct-07,2406.3046
2-Oct-07,2416.826
1-Oct-07,2417.4438
28-Sep-07,2385.7202
27-Sep-07,2392.9227
26-Sep-07,2383.5272
25-Sep-07,2370.2646
24-Sep-07,2371.0344
21-Sep-07,2383.5546
20-Sep-07,2372.6133
19-Sep-07,2388.1506
18-Sep-07,2373.6339
17-Sep-07,2306.2513
14-Sep-07,2318.1074
13-Sep-07,2317.6275
12-Sep-07,2298.1375
11-Sep-07,2297.4121
10-Sep-07,2266.5095
7-Sep-07,2269.324
6-Sep-07,2308.3452
5-Sep-07,2298.1626
4-Sep-07,2323.8252
31-Aug-07,2299.7136
30-Aug-07,2274.1643
29-Aug-07,2283.5813
28-Aug-07,2234.0248
27-Aug-07,2287.6201
24-Aug-07,2307.2231
23-Aug-07,2280.6778
22-Aug-07,2283.085
21-Aug-07,2256.5246
20-Aug-07,2254.0731
17-Aug-07,2254.6839
16-Aug-07,2200.6116
15-Aug-07,2193.3952
14-Aug-07,2223.705
13-Aug-07,2264.5755
10-Aug-07,2265.3581
9-Aug-07,2264.503
8-Aug-07,2333.2389
7-Aug-07,2300.0953
6-Aug-07,2285.9331
3-Aug-07,2231.9784
2-Aug-07,2292.7924
1-Aug-07,2282.2977
31-Jul-07,2265.7498
30-Jul-07,2294.7483
27-Jul-07,2271.4106
26-Jul-07,2307.9774
25-Jul-07,2363.1192
24-Jul-07,2352.1172
23-Jul-07,2399.638
20-Jul-07,2387.9622
19-Jul-07,2417.5001
18-Jul-07,2406.6933
17-Jul-07,2411.4109
16-Jul-07,2411.6525
13-Jul-07,2416.282
12-Jul-07,2408.7858
11-Jul-07,2363.7168
10-Jul-07,2349.9829
9-Jul-07,2383.8044
6-Jul-07,2381.5899
5-Jul-07,2373.0677
3-Jul-07,2372.2206
2-Jul-07,2363.2775
29-Jun-07,2338.2467
28-Jun-07,2341.9025
27-Jun-07,2342.8413
26-Jun-07,2321.4614
25-Jun-07,2328.9128
22-Jun-07,2336.4072
21-Jun-07,2366.9235
20-Jun-07,2351.8662
19-Jun-07,2384.2547
18-Jun-07,2380.0878
15-Jun-07,2382.9661
14-Jun-07,2367.5198
13-Jun-07,2356.0213
12-Jun-07,2320.2154
11-Jun-07,2345.2729
8-Jun-07,2342.9782
7-Jun-07,2316.6251
6-Jun-07,2357.9527
5-Jun-07,2378.4385
4-Jun-07,2391.1325
1-Jun-07,2386.6291
31-May-07,2377.749
30-May-07,2377.0866
29-May-07,2357.3919
25-May-07,2353.4231
24-May-07,2340.6396
23-May-07,2363.2864
22-May-07,2366.0985
21-May-07,2367.625
18-May-07,2363.9717
17-May-07,2348.4398
16-May-07,2350.4027
15-May-07,2329.6071
14-May-07,2332.4329
11-May-07,2336.4841
10-May-07,2313.9381
9-May-07,2346.3025
8-May-07,2338.136
7-May-07,2340.6768
4-May-07,2334.6057
3-May-07,2329.5441
2-May-07,2318.8388
1-May-07,2303.6758
30-Apr-07,2297.5749
27-Apr-07,2315.7026
26-Apr-07,2315.9084
25-Apr-07,2317.4956
24-Apr-07,2294.017
23-Apr-07,2294.8247
20-Apr-07,2300.0843
19-Apr-07,2278.9125
18-Apr-07,2281.6121
17-Apr-07,2280.0131
16-Apr-07,2275.3533
13-Apr-07,2251.1242
12-Apr-07,2243.303
11-Apr-07,2229.4409
10-Apr-07,2243.9329
9-Apr-07,2238.0328
5-Apr-07,2236.7113
4-Apr-07,2229.2549
3-Apr-07,2226.7583
2-Apr-07,2205.8511
30-Mar-07,2200.12
29-Mar-07,2202.6832
28-Mar-07,2194.3834
27-Mar-07,2211.5165
26-Mar-07,2225.2579
23-Mar-07,2223.116
22-Mar-07,2220.6762
21-Mar-07,2221.4595
20-Mar-07,2184.0975
19-Mar-07,2170.3264
16-Mar-07,2146.9317
15-Mar-07,2155.1827
14-Mar-07,2147.1799
13-Mar-07,2132.7601
12-Mar-07,2176.5013
9-Mar-07,2170.6176
8-Mar-07,2169.1388
7-Mar-07,2153.6463
6-Mar-07,2158.3592
5-Mar-07,2125.3426
2-Mar-07,2145.4283
1-Mar-07,2170.1713
28-Feb-07,2175.7839
27-Feb-07,2163.1135
26-Feb-07,2240.7282
23-Feb-07,2243.2615
22-Feb-07,2251.03
21-Feb-07,2252.4341
20-Feb-07,2255.478
16-Feb-07,2249.0646
15-Feb-07,2250.9687
14-Feb-07,2248.4038
13-Feb-07,2230.7987
12-Feb-07,2213.5844
9-Feb-07,2220.7207
8-Feb-07,2236.4603
7-Feb-07,2239.052
6-Feb-07,2235.016
5-Feb-07,2233.4439
2-Feb-07,2235.3923
1-Feb-07,2231.6059
31-Jan-07,2219.1886
30-Jan-07,2204.3959
29-Jan-07,2191.7131
26-Jan-07,2193.8877
25-Jan-07,2196.5428
24-Jan-07,2221.5556
23-Jan-07,2202.7681
22-Jan-07,2195.0031
19-Jan-07,2206.6003
18-Jan-07,2200.1964
17-Jan-07,2206.7008
16-Jan-07,2208.4822
12-Jan-07,2206.6773
11-Jan-07,2196.0209
10-Jan-07,2182.1614
9-Jan-07,2177.678
8-Jan-07,2178.8026
5-Jan-07,2173.2918
4-Jan-07,2186.6027
3-Jan-07,2183.9215
29-Dec-06,2186.1274
28-Dec-06,2195.9962
27-Dec-06,2199.1531
26-Dec-06,2183.3804
22-Dec-06,2173.9004
21-Dec-06,2185.2072
20-Dec-06,2192.7555
19-Dec-06,2195.7998
18-Dec-06,2190.9738
15-Dec-06,2198.0693
14-Dec-06,2195.5912
13-Dec-06,2176.5157
12-Dec-06,2173.5768
11-Dec-06,2175.8013
8-Dec-06,2170.8364
7-Dec-06,2166.8685
6-Dec-06,2175.4475
5-Dec-06,2177.7461
4-Dec-06,2169.0033
1-Dec-06,2149.8494
30-Nov-06,2155.8852
29-Nov-06,2154.0863
28-Nov-06,2133.5195
27-Nov-06,2125.6705
24-Nov-06,2154.9629
22-Nov-06,2162.6496
21-Nov-06,2157.4236
20-Nov-06,2153.7599
17-Nov-06,2154.7955
16-Nov-06,2152.5694
15-Nov-06,2147.6029
14-Nov-06,2141.9455
13-Nov-06,2128.1691
10-Nov-06,2122.2573
9-Nov-06,2118.318
8-Nov-06,2129.2203
7-Nov-06,2124.2771
6-Nov-06,2119.5302
3-Nov-06,2095.68
2-Nov-06,2100.2113
1-Nov-06,2100.3648
31-Oct-06,2115.6539
30-Oct-06,2115.6327
27-Oct-06,2114.6477
26-Oct-06,2132.3856
25-Oct-06,2121.8345
24-Oct-06,2114.3625
23-Oct-06,2113.822
20-Oct-06,2100.8609
19-Oct-06,2098.3212
18-Oct-06,2096.7059
17-Oct-06,2093.5813
16-Oct-06,2101.265
13-Oct-06,2095.9722
12-Oct-06,2091.6851
11-Oct-06,2071.8999
10-Oct-06,2077.0081
9-Oct-06,2072.7086
6-Oct-06,2071.054
5-Oct-06,2076.6309
4-Oct-06,2071.4509
3-Oct-06,2046.2831
2-Oct-06,2041.9921
29-Sep-06,2048.8886
28-Sep-06,2053.9323
27-Sep-06,2049.9656
26-Sep-06,2049.2003
25-Sep-06,2033.8713
22-Sep-06,2016.0919
21-Sep-06,2021.0844
20-Sep-06,2031.5924
19-Sep-06,2021.0048
18-Sep-06,2025.3896
15-Sep-06,2023.3522
14-Sep-06,2017.858
13-Sep-06,2020.4944
12-Sep-06,2012.3173
11-Sep-06,1991.4944
8-Sep-06,1990.4443
7-Sep-06,1982.9305
6-Sep-06,1992.4157
5-Sep-06,2011.9963
1-Sep-06,2008.4663
31-Aug-06,1997.4153
30-Aug-06,1998.0755
29-Aug-06,1997.2046
28-Aug-06,1993.059
25-Aug-06,1982.806
24-Aug-06,1984.0887
23-Aug-06,1979.346
22-Aug-06,1988.0998
21-Aug-06,1986.1119
18-Aug-06,1993.4296
17-Aug-06,1986.042
16-Aug-06,1982.8082
15-Aug-06,1967.256
14-Aug-06,1940.4973
11-Aug-06,1938.1292
10-Aug-06,1945.6103
9-Aug-06,1936.2979
8-Aug-06,1944.2182
7-Aug-06,1950.6309
4-Aug-06,1956.046
3-Aug-06,1957.4141
2-Aug-06,1954.1796
1-Aug-06,1942.2187
31-Jul-06,1950.995
28-Jul-06,1953.8566
27-Jul-06,1930.316
26-Jul-06,1937.9621
25-Jul-06,1938.6754
24-Jul-06,1926.4985
21-Jul-06,1894.9405
20-Jul-06,1908.4245
19-Jul-06,1924.7372
18-Jul-06,1889.4829
17-Jul-06,1885.8225
14-Jul-06,1888.4334
13-Jul-06,1897.7305
12-Jul-06,1922.6191
11-Jul-06,1943.6589
10-Jul-06,1935.6149
7-Jul-06,1932.7542
6-Jul-06,1945.8972
5-Jul-06,1940.5515
3-Jul-06,1954.4896
30-Jun-06,1939.0341
29-Jun-06,1943.0848
28-Jun-06,1901.9826
27-Jun-06,1891.2421
26-Jun-06,1908.5631
23-Jun-06,1899.3194
22-Jun-06,1900.9801
21-Jun-06,1910.6172
20-Jun-06,1892.1308
19-Jun-06,1892.1186
16-Jun-06,1909.522
15-Jun-06,1916.5642
14-Jun-06,1876.6693
13-Jun-06,1866.9178
12-Jun-06,1885.8088
9-Jun-06,1910.0055
8-Jun-06,1918.5917
7-Jun-06,1915.7739
6-Jun-06,1927.1318
5-Jun-06,1929.2343
2-Jun-06,1964.1065
1-Jun-06,1960.2844
31-May-06,1936.4089
30-May-06,1920.0891
26-May-06,1950.8714
25-May-06,1939.5214
24-May-06,1917.4776
23-May-06,1914.3806
22-May-06,1922.7222
19-May-06,1930.2731
18-May-06,1922.324
17-May-06,1935.184
16-May-06,1967.7904
15-May-06,1971.4508
12-May-06,1966.2674
11-May-06,1988.5602
10-May-06,2013.9871
9-May-06,2016.5949
8-May-06,2015.8391
5-May-06,2017.336
4-May-06,1996.7408
3-May-06,1989.9693
2-May-06,1997.7509
1-May-06,1985.5541
28-Apr-06,1993.7931
27-Apr-06,1992.3918
26-Apr-06,1985.2846
25-Apr-06,1979.5085
24-Apr-06,1989.1975
21-Apr-06,1993.9894
20-Apr-06,1994.2266
19-Apr-06,1991.8417
18-Apr-06,1988.1808
17-Apr-06,1954.248
13-Apr-06,1960.0063
12-Apr-06,1958.4908
11-Apr-06,1956.1147
10-Apr-06,1971.025
7-Apr-06,1969.2986
6-Apr-06,1989.867
5-Apr-06,1993.2141
4-Apr-06,1984.467
3-Apr-06,1971.9248
31-Mar-06,1967.3755
30-Mar-06,1975.6023
29-Mar-06,1979.5067
28-Mar-06,1964.4726
27-Mar-06,1977.1871
24-Mar-06,1979.2353
23-Mar-06,1977.291
22-Mar-06,1982.3991
21-Mar-06,1970.4985
20-Mar-06,1982.4006
17-Mar-06,1985.6878
16-Mar-06,1982.7643
15-Mar-06,1979.21
14-Mar-06,1970.6549
13-Mar-06,1950.3856
10-Mar-06,1945.9245
9-Mar-06,1931.7329
8-Mar-06,1941.1721
7-Mar-06,1936.6841
6-Mar-06,1940.2042
3-Mar-06,1953.7425
2-Mar-06,1956.6024
1-Mar-06,1959.7649
28-Feb-06,1943.1876
27-Feb-06,1963.5835
24-Feb-06,1956.1355
23-Feb-06,1953.3681
22-Feb-06,1960.2587
21-Feb-06,1945.4466
17-Feb-06,1951.8329
16-Feb-06,1955.0599
15-Feb-06,1940.6846
14-Feb-06,1933.4592
13-Feb-06,1914.0153
10-Feb-06,1920.0001
9-Feb-06,1915.0995
8-Feb-06,1917.8406
7-Feb-06,1900.5805
6-Feb-06,1916.0361
3-Feb-06,1914.5017
2-Feb-06,1924.673
1-Feb-06,1941.7513
31-Jan-06,1937.9295
30-Jan-06,1945.6619
27-Jan-06,1943.344
26-Jan-06,1928.1741
25-Jan-06,1914.277
24-Jan-06,1917.5376
23-Jan-06,1912.914
20-Jan-06,1909.3459
19-Jan-06,1944.9845
18-Jan-06,1934.2086
17-Jan-06,1941.5685
13-Jan-06,1948.6375
12-Jan-06,1946.2812
11-Jan-06,1958.557
10-Jan-06,1951.5296
9-Jan-06,1952.1285
6-Jan-06,1945.0146
5-Jan-06,1926.4389
4-Jan-06,1926.3875
3-Jan-06,1918.9586
30-Dec-05,1887.9409
29-Dec-05,1897.1968
28-Dec-05,1902.7368
27-Dec-05,1899.926
23-Dec-05,1918.2543
22-Dec-05,1917.1574
21-Dec-05,1908.6455
20-Dec-05,1903.8136
19-Dec-05,1904.2139
16-Dec-05,1915.4015
15-Dec-05,1920.8477
14-Dec-05,1923.4349
13-Dec-05,1915.2973
12-Dec-05,1904.5914
9-Dec-05,1902.9182
8-Dec-05,1897.5715
7-Dec-05,1899.6927
6-Dec-05,1908.8876
5-Dec-05,1906.4215
2-Dec-05,1910.8563
1-Dec-05,1910.2321
30-Nov-05,1887.284
29-Nov-05,1898.741
28-Nov-05,1898.3695
25-Nov-05,1914.4048
23-Nov-05,1910.3937
22-Nov-05,1903.6565
21-Nov-05,1893.9317
18-Nov-05,1883.9925
17-Nov-05,1875.4923
16-Nov-05,1857.9711
15-Nov-05,1854.2782
14-Nov-05,1861.2479
11-Nov-05,1862.5584
10-Nov-05,1856.9
9-Nov-05,1841.0011
8-Nov-05,1837.7958
7-Nov-05,1843.2707
4-Nov-05,1839.1583
3-Nov-05,1838.8554
2-Nov-05,1830.4313
1-Nov-05,1812.1093
31-Oct-05,1818.5043
28-Oct-05,1805.5575
27-Oct-05,1776.0048
26-Oct-05,1794.5582
25-Oct-05,1802.3033
24-Oct-05,1806.5858
21-Oct-05,1776.7276
20-Oct-05,1774.0224
19-Oct-05,1801.0143
18-Oct-05,1774.3228
17-Oct-05,1792.3315
14-Oct-05,1787.0075
13-Oct-05,1772.3553
12-Oct-05,1773.6031
11-Oct-05,1784.2239
10-Oct-05,1787.799
7-Oct-05,1800.7093
6-Oct-05,1794.0403
5-Oct-05,1801.4022
4-Oct-05,1827.9592
3-Oct-05,1846.1662
30-Sep-05,1849.3341
29-Sep-05,1847.6198
28-Sep-05,1831.319
27-Sep-05,1829.1287
26-Sep-05,1829.0492
23-Sep-05,1828.5432
22-Sep-05,1827.5356
21-Sep-05,1820.4907
20-Sep-05,1837.1997
19-Sep-05,1851.7405
16-Sep-05,1862.1073
15-Sep-05,1846.7643
14-Sep-05,1845.8368
13-Sep-05,1851.8664
12-Sep-05,1865.4518
9-Sep-05,1866.7415
8-Sep-05,1852.002
7-Sep-05,1859.0022
6-Sep-05,1854.2274
2-Sep-05,1831.0569
1-Sep-05,1836.3698
31-Aug-05,1834.476
30-Aug-05,1815.9688
29-Aug-05,1821.5582
26-Aug-05,1810.5185
25-Aug-05,1821.4547
24-Aug-05,1817.2182
23-Aug-05,1829.1084
22-Aug-05,1835.317
19-Aug-05,1832.2913
18-Aug-05,1831.0865
17-Aug-05,1832.817
16-Aug-05,1830.9846
15-Aug-05,1852.7809
12-Aug-05,1847.311
11-Aug-05,1858.4277
10-Aug-05,1845.1645
9-Aug-05,1847.7608
8-Aug-05,1835.3726
5-Aug-05,1840.1892
4-Aug-05,1854.3003
3-Aug-05,1868.0566
2-Aug-05,1866.2834
1-Aug-05,1853.1276
29-Jul-05,1851.3678
28-Jul-05,1865.6369
27-Jul-05,1854.7177
26-Jul-05,1846.037
25-Jul-05,1842.8447
22-Jul-05,1849.809
21-Jul-05,1839.7959
20-Jul-05,1852.023
19-Jul-05,1843.0736
18-Jul-05,1830.7494
15-Jul-05,1840.9306
14-Jul-05,1838.7983
13-Jul-05,1833.9782
12-Jul-05,1832.1483
11-Jul-05,1827.9074
8-Jul-05,1816.5193
7-Jul-05,1795.5457
6-Jul-05,1791.0535
5-Jul-05,1805.6779
1-Jul-05,1789.8489
30-Jun-05,1784.9873
29-Jun-05,1797.7257
28-Jun-05,1800.0658
27-Jun-05,1783.4541
24-Jun-05,1784.7701
23-Jun-05,1798.4935
22-Jun-05,1817.7992
21-Jun-05,1817.361
20-Jun-05,1821.0616
17-Jun-05,1822.352
16-Jun-05,1813.3512
15-Jun-05,1806.784
14-Jun-05,1802.7331
13-Jun-05,1798.0674
10-Jun-05,1793.5068
9-Jun-05,1797.724
8-Jun-05,1788.3019
7-Jun-05,1791.8939
6-Jun-05,1792.1443
3-Jun-05,1789.827
2-Jun-05,1802.1867
1-Jun-05,1799.1469
31-May-05,1782.4568
27-May-05,1793.3427
26-May-05,1791.4084
25-May-05,1779.8068
24-May-05,1785.795
23-May-05,1785.4583
20-May-05,1778.5907
19-May-05,1781.2823
18-May-05,1773.0122
17-May-05,1755.0988
16-May-05,1742.7404
13-May-05,1725.154
12-May-05,1732.8929
11-May-05,1750.2601
10-May-05,1742.0556
9-May-05,1760.8684
6-May-05,1749.6535
5-May-05,1751.4653
4-May-05,1755.9196
3-May-05,1733.949
2-May-05,1735.428
29-Apr-05,1727.4905
28-Apr-05,1707.1268
27-Apr-05,1726.2063
26-Apr-05,1719.0923
25-Apr-05,1734.5574
22-Apr-05,1719.6619
21-Apr-05,1731.2715
20-Apr-05,1697.7435
19-Apr-05,1720.4281
18-Apr-05,1710.2682
15-Apr-05,1705.2602
14-Apr-05,1734.2454
13-Apr-05,1751.7713
12-Apr-05,1772.4345
11-Apr-05,1762.5591
8-Apr-05,1762.517
7-Apr-05,1777.3517
6-Apr-05,1766.693
5-Apr-05,1762.317
4-Apr-05,1754.4275
1-Apr-05,1749.4521
31-Mar-05,1760.8868
30-Mar-05,1762.087
29-Mar-05,1737.9353
28-Mar-05,1750.8845
24-Mar-05,1746.6205
23-Mar-05,1748.2772
22-Mar-05,1747.0306
21-Mar-05,1764.9806
18-Mar-05,1773.7189
17-Mar-05,1774.5487
16-Mar-05,1771.3489
15-Mar-05,1785.6138
14-Mar-05,1799.1362
11-Mar-05,1789.0061
10-Mar-05,1802.1972
9-Mar-05,1798.7908
8-Mar-05,1817.1213
7-Mar-05,1825.7035
4-Mar-05,1820.8804
3-Mar-05,1803.5097
2-Mar-05,1802.9187
1-Mar-05,1802.7935
28-Feb-05,1792.6307
25-Feb-05,1804.1676
24-Feb-05,1787.3362
23-Feb-05,1772.7628
22-Feb-05,1762.7568
18-Feb-05,1788.6544
17-Feb-05,1787.4118
16-Feb-05,1801.5856
15-Feb-05,1801.0625
14-Feb-05,1794.9807
11-Feb-05,1793.5398
10-Feb-05,1780.8043
9-Feb-05,1773.2757
8-Feb-05,1788.1582
7-Feb-05,1786.9212
4-Feb-05,1788.8153
3-Feb-05,1769.2609
2-Feb-05,1773.6267
1-Feb-05,1767.7869
31-Jan-05,1755.6842
28-Jan-05,1740.9629
27-Jan-05,1745.5833
26-Jan-05,1744.7188
25-Jan-05,1736.25
24-Jan-05,1729.3305
21-Jan-05,1735.4246
20-Jan-05,1746.6105
19-Jan-05,1760.2844
18-Jan-05,1777.0347
14-Jan-05,1759.9832
13-Jan-05,1749.4809
12-Jan-05,1764.717
11-Jan-05,1757.5057
10-Jan-05,1768.1661
7-Jan-05,1762.123
6-Jan-05,1764.6263
5-Jan-05,1758.0673
4-Jan-05,1764.3025
3-Jan-05,1784.9561
